Aleramo-Sibilla_Il-passaggio_1919.txt	castello	1	it	http://www.wikidata.org/entity/Q23413	wikidata	fortification (place)	Aleramo Sibilla	Il passaggio	f	1919	1910_1920	complesso architettonico fortificato tipico del Medioevo
Aleramo-Sibilla_Una-donna_1907.txt	forte	1	it	http://www.wikidata.org/entity/Q1785071	wikidata	fortification (place)	Aleramo Sibilla	Una donna	f	1907	1900_1909	costruzione militare destinata alla guerra difensiva
Aleramo-Sibilla_Una-donna_1907.txt	castello	1	it	http://www.wikidata.org/entity/Q23413	wikidata	fortification (place)	Aleramo Sibilla	Una donna	f	1907	1900_1909	complesso architettonico fortificato tipico del Medioevo
Baccini-Ida_Il-principino_1883.txt	castello	1	it	http://www.wikidata.org/entity/Q23413	wikidata	fortification (place)	Baccini Ida	Il principino	f	1883	1880_1889	complesso architettonico fortificato tipico del Medioevo
Barbieri-Ulisse_Lucifero_1871.txt	forte	1	it	http://www.wikidata.org/entity/Q1785071	wikidata	fortification (place)	Barbieri Ulisse	Lucifero	m	1871	1870_1879	costruzione militare destinata alla guerra difensiva
Bersezio-Vittorio_La-carita-del-prossimo_1868.txt	castello	3	it	http://www.wikidata.org/entity/Q23413	wikidata	fortification (place)	Bersezio Vittorio	La carità del prossimo	m	1868	1860_1869	complesso architettonico fortificato tipico del Medioevo
Bersezio-Vittorio_La-carita-del-prossimo_1868.txt	ricetto	2	it	http://www.wikidata.org/entity/Q244824	wikidata	fortification (place)	Bersezio Vittorio	La carità del prossimo	m	1868	1860_1869	struttura fortificata medievale
Bersezio-Vittorio_Povera-Giovanna_1869.txt	castello	12	it	http://www.wikidata.org/entity/Q23413	wikidata	fortification (place)	Bersezio Vittorio	Povera Giovanna	m	1869	1860_1869	complesso architettonico fortificato tipico del Medioevo
Bersezio-Vittorio_Povera-Giovanna_1869.txt	barbetta	1	it	http://www.wikidata.org/entity/Q81697	wikidata	fortification (place)	Bersezio Vittorio	Povera Giovanna	m	1869	1860_1869	
Boito-Camillo_Senso_1883.txt	fossato	1	it	http://www.wikidata.org/entity/Q88480	wikidata	fortification (place)	Boito Camillo	Senso Nuove storielle varie	m	1883	1880_1889	elemento di architettura militare difensiva
Boito-Camillo_Senso_1883.txt	castello	1	it	http://www.wikidata.org/entity/Q23413	wikidata	fortification (place)	Boito Camillo	Senso Nuove storielle varie	m	1883	1880_1889	complesso architettonico fortificato tipico del Medioevo
Capuana-Luigi_Giacinta_1879.txt	castello	4	it	http://www.wikidata.org/entity/Q23413	wikidata	fortification (place)	Capuana Luigi	Giacinta	m	1879	1870_1879	complesso architettonico fortificato tipico del Medioevo
Capuana-Luigi_Il-Marchese-Di-Roccaverdina-1901.txt	forte	1	it	http://www.wikidata.org/entity/Q1785071	wikidata	fortification (place)	Capuana Luigi	Il marchese di Roccaverdina	m	1901	1900_1909	costruzione militare destinata alla guerra difensiva
Capuana-Luigi_Il-Marchese-Di-Roccaverdina-1901.txt	barbetta	1	it	http://www.wikidata.org/entity/Q81697	wikidata	fortification (place)	Capuana Luigi	Il marchese di Roccaverdina	m	1901	1900_1909	
Capuana-Luigi_Profumo_1892.txt	castello	1	it	http://www.wikidata.org/entity/Q23413	wikidata	fortification (place)	Capuana Luigi	Profumo	m	1892	1890_1899	complesso architettonico fortificato tipico del Medioevo
Caracciolo-Enrichetta_Misteri-del-chiostro-napoletano_1864.txt	forte	1	it	http://www.wikidata.org/entity/Q1785071	wikidata	fortification (place)	Caracciolo Enrichetta	I misteri del chiostro napoletano	f	1864	1860_1869	costruzione militare destinata alla guerra difensiva
Carcano-Giulio_Damiano_1850.txt	castello	1	it	http://www.wikidata.org/entity/Q23413	wikidata	fortification (place)	Carcano Giulio	Damiano	m	1850	1850_1859	complesso architettonico fortificato tipico del Medioevo
Carcano-Giulio_Damiano_1850.txt	mura	2	it	http://www.wikidata.org/entity/Q57346	wikidata	fortification (place)	Carcano Giulio	Damiano	m	1850	1850_1859	fortificazione difensiva
Carcano-Giulio_Damiano_1850.txt	ricetto	1	it	http://www.wikidata.org/entity/Q244824	wikidata	fortification (place)	Carcano Giulio	Damiano	m	1850	1850_1859	struttura fortificata medievale
Carcano-Giulio_La-Nunziata-novelle-campagnuole_1849.txt	castello	1	it	http://www.wikidata.org/entity/Q23413	wikidata	fortification (place)	Carcano Giulio	La nunziata	m	1849	1840_1849	complesso architettonico fortificato tipico del Medioevo
Carcano-Giulio_La-Nunziata-novelle-campagnuole_1849.txt	fossato	2	it	http://www.wikidata.org/entity/Q88480	wikidata	fortification (place)	Carcano Giulio	La nunziata	m	1849	1840_1849	elemento di architettura militare difensiva
Carcano-Giulio_La-Nunziata-novelle-campagnuole_1849.txt	cittadella	1	it	http://www.wikidata.org/entity/Q88291	wikidata	fortification (place)	Carcano Giulio	La nunziata	m	1849	1840_1849	
Carcano-Giulio_La-Nunziata-novelle-campagnuole_1849.txt	forte	1	it	http://www.wikidata.org/entity/Q1785071	wikidata	fortification (place)	Carcano Giulio	La nunziata	m	1849	1840_1849	costruzione militare destinata alla guerra difensiva
Castellani-Fantoni-Benaglio-Ines_Mia_1884.txt	fossato	1	it	http://www.wikidata.org/entity/Q88480	wikidata	fortification (place)	Castellani Fantoni Benaglio Ines	Mia	f	1884	1880_1889	elemento di architettura militare difensiva
Castellani-Fantoni-Benaglio-Ines_Mia_1884.txt	forte	2	it	http://www.wikidata.org/entity/Q1785071	wikidata	fortification (place)	Castellani Fantoni Benaglio Ines	Mia	f	1884	1880_1889	costruzione militare destinata alla guerra difensiva
Collodi-Carlo_Pinocchio_1883.txt	castello	1	it	http://www.wikidata.org/entity/Q23413	wikidata	fortification (place)	Collodi Carlo	Le avventure di Pinocchio	m	1883	1880_1889	complesso architettonico fortificato tipico del Medioevo
D-Annunzio-Gabriele_Il-Fuoco_1900.txt	castello	1	it	http://www.wikidata.org/entity/Q23413	wikidata	fortification (place)	D’Annunzio Gabriele	Il fuoco	m	1900	1900_1909	complesso architettonico fortificato tipico del Medioevo
D-Annunzio-Gabriele_Il-Fuoco_1900.txt	cittadella	2	it	http://www.wikidata.org/entity/Q88291	wikidata	fortification (place)	D’Annunzio Gabriele	Il fuoco	m	1900	1900_1909	
D-Annunzio-Gabriele_Il-Fuoco_1900.txt	forte	1	it	http://www.wikidata.org/entity/Q1785071	wikidata	fortification (place)	D’Annunzio Gabriele	Il fuoco	m	1900	1900_1909	costruzione militare destinata alla guerra difensiva
D-Annunzio-Gabriele_Il-Piacere_1889.txt	cittadella	1	it	http://www.wikidata.org/entity/Q88291	wikidata	fortification (place)	D’Annunzio Gabriele	Il piacere	m	1889	1880_1889	
D-Annunzio-Gabriele_Le-Vergini-Delle-Rocce_1895.txt	cittadella	1	it	http://www.wikidata.org/entity/Q88291	wikidata	fortification (place)	D’Annunzio Gabriele	Le vergini delle rocce	m	1895	1890_1899	
De-Amicis-Edmondo_Cuore_1886.txt	ridotta	1	it	http://www.wikidata.org/entity/Q90754	wikidata	fortification (place)	De Amicis Edomondo	Cuore   	m	1886	1880_1889	fortificazione di minore importanza o comunque considerata secondaria
De-Marchi-Emilio_Demetrio-Pianelli_1890.txt	castello	3	it	http://www.wikidata.org/entity/Q23413	wikidata	fortification (place)	De Marchi Emilio	Demetrio Pianelli	m	1890	1890_1899	complesso architettonico fortificato tipico del Medioevo
De-Marchi-Emilio_Demetrio-Pianelli_1890.txt	ridotta	1	it	http://www.wikidata.org/entity/Q90754	wikidata	fortification (place)	De Marchi Emilio	Demetrio Pianelli	m	1890	1890_1899	fortificazione di minore importanza o comunque considerata secondaria
De-Marchi-Emilio_Demetrio-Pianelli_1890.txt	barbetta	1	it	http://www.wikidata.org/entity/Q81697	wikidata	fortification (place)	De Marchi Emilio	Demetrio Pianelli	m	1890	1890_1899	
De-Marchi-Emilio_Giacomo-l-idealista_1897.txt	barbetta	1	it	http://www.wikidata.org/entity/Q81697	wikidata	fortification (place)	De Marchi Emilio	Giacomo l’idealista	m	1897	1890_1899	
De-Marchi-Emilio_Giacomo-l-idealista_1897.txt	fossato	1	it	http://www.wikidata.org/entity/Q88480	wikidata	fortification (place)	De Marchi Emilio	Giacomo l’idealista	m	1897	1890_1899	elemento di architettura militare difensiva
De-Marchi-Emilio_Giacomo-l-idealista_1897.txt	castello	2	it	http://www.wikidata.org/entity/Q23413	wikidata	fortification (place)	De Marchi Emilio	Giacomo l’idealista	m	1897	1890_1899	complesso architettonico fortificato tipico del Medioevo
De-Roberto-Federico_I-vicere_1894.txt	ridotta	2	it	http://www.wikidata.org/entity/Q90754	wikidata	fortification (place)	De Roberto Federico	I viceré	m	1894	1890_1899	fortificazione di minore importanza o comunque considerata secondaria
De-Roberto-Federico_I-vicere_1894.txt	cittadella	3	it	http://www.wikidata.org/entity/Q88291	wikidata	fortification (place)	De Roberto Federico	I viceré	m	1894	1890_1899	
De-Roberto-Federico_I-vicere_1894.txt	forte	2	it	http://www.wikidata.org/entity/Q1785071	wikidata	fortification (place)	De Roberto Federico	I viceré	m	1894	1890_1899	costruzione militare destinata alla guerra difensiva
De-Roberto-Federico_I-vicere_1894.txt	castello	11	it	http://www.wikidata.org/entity/Q23413	wikidata	fortification (place)	De Roberto Federico	I viceré	m	1894	1890_1899	complesso architettonico fortificato tipico del Medioevo
De-Roberto-Federico_I-vicere_1894.txt	piazzaforte	1	it	http://www.wikidata.org/entity/Q3390714	wikidata	fortification (place)	De Roberto Federico	I viceré	m	1894	1890_1899	
De-Roberto-Federico_Processi-verbali_1890.txt	forte	1	it	http://www.wikidata.org/entity/Q1785071	wikidata	fortification (place)	De Roberto Federico	Processi verbali	m	1890	1890_1899	costruzione militare destinata alla guerra difensiva
Deledda-Grazia_Canne-al-vento_1913.txt	castello	8	it	http://www.wikidata.org/entity/Q23413	wikidata	fortification (place)	Deledda Grazia	Canne al vento	f	1913	1910_1920	complesso architettonico fortificato tipico del Medioevo
Deledda-Grazia_Canne-al-vento_1913.txt	forte	2	it	http://www.wikidata.org/entity/Q1785071	wikidata	fortification (place)	Deledda Grazia	Canne al vento	f	1913	1910_1920	costruzione militare destinata alla guerra difensiva
Deledda-Grazia_La-via-del-male_1896.txt	barbetta	1	it	http://www.wikidata.org/entity/Q81697	wikidata	fortification (place)	Deledda Grazia	La via del male	f	1896	1890_1899	
Di-Luanto-Regina_Per-il-lusso_1912.txt	forte	1	it	http://www.wikidata.org/entity/Q1785071	wikidata	fortification (place)	Di Luanto Regina	Per il lusso	f	1912	1910_1920	costruzione militare destinata alla guerra difensiva
Dossi-Carlo_La-desinenza-in-a_1873.txt	cittadella	1	it	http://www.wikidata.org/entity/Q88291	wikidata	fortification (place)	Dossi Carlo	La desinenza in A	m	1873	1870_1879	
Dossi-Carlo_La-desinenza-in-a_1873.txt	castello	1	it	http://www.wikidata.org/entity/Q23413	wikidata	fortification (place)	Dossi Carlo	La desinenza in A	m	1873	1870_1879	complesso architettonico fortificato tipico del Medioevo
EmilianiGiudici-Paolo_Beppe-Arpia_1851.txt	castello	6	it	http://www.wikidata.org/entity/Q23413	wikidata	fortification (place)	Emiliani Giudici Paolo	Beppe Arpia	m	1851	1850_1859	complesso architettonico fortificato tipico del Medioevo
EmilianiGiudici-Paolo_Beppe-Arpia_1851.txt	principia	1	it	http://www.wikidata.org/entity/Q2110440	wikidata	fortification (place)	Emiliani Giudici Paolo	Beppe Arpia	m	1851	1850_1859	
EmilianiGiudici-Paolo_Beppe-Arpia_1851.txt	fossato	1	it	http://www.wikidata.org/entity/Q88480	wikidata	fortification (place)	Emiliani Giudici Paolo	Beppe Arpia	m	1851	1850_1859	elemento di architettura militare difensiva
Farina-Salvatore_Fante-di-picche_1874.txt	castello	2	it	http://www.wikidata.org/entity/Q23413	wikidata	fortification (place)	Farina Salvatore	Fante di picche	m	1874	1870_1879	complesso architettonico fortificato tipico del Medioevo
Fogazzaro-Antonio_Daniele-Cortis_1885.txt	mura	1	it	http://www.wikidata.org/entity/Q57346	wikidata	fortification (place)	Fogazzaro Antonio	Daniele Cortis	m	1885	1880_1889	fortificazione difensiva
Fogazzaro-Antonio_Malombra_1881.txt	castello	1	it	http://www.wikidata.org/entity/Q23413	wikidata	fortification (place)	Fogazzaro Antonio	Malombra	m	1881	1880_1889	complesso architettonico fortificato tipico del Medioevo
Fogazzaro-Antonio_Piccolo-mondo-moderno_1901.txt	castello	1	it	http://www.wikidata.org/entity/Q23413	wikidata	fortification (place)	Fogazzaro Antonio	Piccolo mondo moderno	m	1901	1900_1909	complesso architettonico fortificato tipico del Medioevo
Fogazzaro-Antonio_Piccolo-mondo-moderno_1901.txt	barbetta	1	it	http://www.wikidata.org/entity/Q81697	wikidata	fortification (place)	Fogazzaro Antonio	Piccolo mondo moderno	m	1901	1900_1909	
Fogazzaro-Antonio_Piccolo-mondo-moderno_1901.txt	muro cittadino	1	it	http://www.wikidata.org/entity/Q16748868	wikidata	fortification (place)	Fogazzaro Antonio	Piccolo mondo moderno	m	1901	1900_1909	muro che cinge una città; un agglomerato o un insediamento urbano; con funzioni difensive o daziarie
Garibaldi-Giuseppe_Cantoni-il-volontario_1870.txt	castello	8	it	http://www.wikidata.org/entity/Q23413	wikidata	fortification (place)	Garibaldi Giuseppe	Cantoni il volontario	m	1870	1870_1879	complesso architettonico fortificato tipico del Medioevo
Garibaldi-Giuseppe_Cantoni-il-volontario_1870.txt	mura	3	it	http://www.wikidata.org/entity/Q57346	wikidata	fortification (place)	Garibaldi Giuseppe	Cantoni il volontario	m	1870	1870_1879	fortificazione difensiva
Garibaldi-Giuseppe_Cantoni-il-volontario_1870.txt	forte	2	it	http://www.wikidata.org/entity/Q1785071	wikidata	fortification (place)	Garibaldi Giuseppe	Cantoni il volontario	m	1870	1870_1879	costruzione militare destinata alla guerra difensiva
Garibaldi-Giuseppe_Clelia-ovvero-il-governo-dei-preti_1870.txt	castello	24	it	http://www.wikidata.org/entity/Q23413	wikidata	fortification (place)	Garibaldi Giuseppe	Clelia	m	1870	1870_1879	complesso architettonico fortificato tipico del Medioevo
Garibaldi-Giuseppe_Clelia-ovvero-il-governo-dei-preti_1870.txt	ridotta	1	it	http://www.wikidata.org/entity/Q90754	wikidata	fortification (place)	Garibaldi Giuseppe	Clelia	m	1870	1870_1879	fortificazione di minore importanza o comunque considerata secondaria
Gualtieri-Lorenzo_La-Biscia-Dei-Visconti_1858.txt	castello	51	it	http://www.wikidata.org/entity/Q23413	wikidata	fortification (place)	Gualtieri Lorenzo	La biscia dei Visconti	m	1858	1850_1859	complesso architettonico fortificato tipico del Medioevo
Gualtieri-Lorenzo_La-Biscia-Dei-Visconti_1858.txt	fossato	3	it	http://www.wikidata.org/entity/Q88480	wikidata	fortification (place)	Gualtieri Lorenzo	La biscia dei Visconti	m	1858	1850_1859	elemento di architettura militare difensiva
Gualtieri-Lorenzo_La-Biscia-Dei-Visconti_1858.txt	forte	2	it	http://www.wikidata.org/entity/Q1785071	wikidata	fortification (place)	Gualtieri Lorenzo	La biscia dei Visconti	m	1858	1850_1859	costruzione militare destinata alla guerra difensiva
Gualtieri-Lorenzo_La-Biscia-Dei-Visconti_1858.txt	cittadella	1	it	http://www.wikidata.org/entity/Q88291	wikidata	fortification (place)	Gualtieri Lorenzo	La biscia dei Visconti	m	1858	1850_1859	
Guerrazzi-Domenico_L-assedio-di-Firenze_1863.txt	castello	28	it	http://www.wikidata.org/entity/Q23413	wikidata	fortification (place)	Guerrazzi Domenico	L’assedio di Firenze	m	1863	1860_1869	complesso architettonico fortificato tipico del Medioevo
Guerrazzi-Domenico_L-assedio-di-Firenze_1863.txt	cittadella	22	it	http://www.wikidata.org/entity/Q88291	wikidata	fortification (place)	Guerrazzi Domenico	L’assedio di Firenze	m	1863	1860_1869	
Guerrazzi-Domenico_L-assedio-di-Firenze_1863.txt	mura	8	it	http://www.wikidata.org/entity/Q57346	wikidata	fortification (place)	Guerrazzi Domenico	L’assedio di Firenze	m	1863	1860_1869	fortificazione difensiva
Guerrazzi-Domenico_L-assedio-di-Firenze_1863.txt	forte	4	it	http://www.wikidata.org/entity/Q1785071	wikidata	fortification (place)	Guerrazzi Domenico	L’assedio di Firenze	m	1863	1860_1869	costruzione militare destinata alla guerra difensiva
Guerrazzi-Domenico_L-assedio-di-Firenze_1863.txt	ridotta	1	it	http://www.wikidata.org/entity/Q90754	wikidata	fortification (place)	Guerrazzi Domenico	L’assedio di Firenze	m	1863	1860_1869	fortificazione di minore importanza o comunque considerata secondaria
Guerrazzi-Domenico_Pasquale-Paoli_1860.txt	castello	20	it	http://www.wikidata.org/entity/Q23413	wikidata	fortification (place)	Guerrazzi Domenico	Pasquale Paoli	m	1860	1860_1869	complesso architettonico fortificato tipico del Medioevo
Guerrazzi-Domenico_Pasquale-Paoli_1860.txt	forte	7	it	http://www.wikidata.org/entity/Q1785071	wikidata	fortification (place)	Guerrazzi Domenico	Pasquale Paoli	m	1860	1860_1869	costruzione militare destinata alla guerra difensiva
Guerrazzi-Domenico_Pasquale-Paoli_1860.txt	cittadella	6	it	http://www.wikidata.org/entity/Q88291	wikidata	fortification (place)	Guerrazzi Domenico	Pasquale Paoli	m	1860	1860_1869	
Guerrazzi-Domenico_Pasquale-Paoli_1860.txt	ridotta	1	it	http://www.wikidata.org/entity/Q90754	wikidata	fortification (place)	Guerrazzi Domenico	Pasquale Paoli	m	1860	1860_1869	fortificazione di minore importanza o comunque considerata secondaria
Guerrazzi-Domenico_Pasquale-Paoli_1860.txt	fossato	1	it	http://www.wikidata.org/entity/Q88480	wikidata	fortification (place)	Guerrazzi Domenico	Pasquale Paoli	m	1860	1860_1869	elemento di architettura militare difensiva
Guglielminetti-Amalia_Anime-allo-specchio_1915.txt	castello	6	it	http://www.wikidata.org/entity/Q23413	wikidata	fortification (place)	Guglielminetti Amalia	Anime allo specchio	f	1915	1910_1920	complesso architettonico fortificato tipico del Medioevo
Guglielminetti-Amalia_La-porta-della-gioia_1920.txt	castello	2	it	http://www.wikidata.org/entity/Q23413	wikidata	fortification (place)	Guglielminetti Amalia	La porta della gioia	f	1920	1910_1920	complesso architettonico fortificato tipico del Medioevo
Invernizio-Carolina_I-misteri-delle-soffitte_1901.txt	castello	1	it	http://www.wikidata.org/entity/Q23413	wikidata	fortification (place)	Invernizio Carolina	Il bacio di una morta	f	1901	1900_1909	complesso architettonico fortificato tipico del Medioevo
Invernizio-Carolina_Il-bacio-d-una-morta_1886.txt	castello	2	it	http://www.wikidata.org/entity/Q23413	wikidata	fortification (place)	Invernizio Carolina	I misteri delle soffitte	f	1886	1880_1889	complesso architettonico fortificato tipico del Medioevo
Manzoni-Alessandro_I-promessi-sposi_1840.txt	castello	58	it	http://www.wikidata.org/entity/Q23413	wikidata	fortification (place)	Manzoni Alessandro	I promessi sposi	m	1840	1840_1849	complesso architettonico fortificato tipico del Medioevo
Manzoni-Alessandro_I-promessi-sposi_1840.txt	forte	7	it	http://www.wikidata.org/entity/Q1785071	wikidata	fortification (place)	Manzoni Alessandro	I promessi sposi	m	1840	1840_1849	costruzione militare destinata alla guerra difensiva
Manzoni-Alessandro_I-promessi-sposi_1840.txt	mura	2	it	http://www.wikidata.org/entity/Q57346	wikidata	fortification (place)	Manzoni Alessandro	I promessi sposi	m	1840	1840_1849	fortificazione difensiva
Manzoni-Alessandro_I-promessi-sposi_1840.txt	fossato	4	it	http://www.wikidata.org/entity/Q88480	wikidata	fortification (place)	Manzoni Alessandro	I promessi sposi	m	1840	1840_1849	elemento di architettura militare difensiva
Manzoni-Alessandro_I-promessi-sposi_1840.txt	principia	1	it	http://www.wikidata.org/entity/Q2110440	wikidata	fortification (place)	Manzoni Alessandro	I promessi sposi	m	1840	1840_1849	
Manzoni-Alessandro_Storia-della-colonna-infame_1840.txt	castello	10	it	http://www.wikidata.org/entity/Q23413	wikidata	fortification (place)	Manzoni Alessandro	Storia della colonna infame	m	1840	1840_1849	complesso architettonico fortificato tipico del Medioevo
Marchesa-Colombi_Prima-morire_1881.txt	castello	2	it	http://www.wikidata.org/entity/Q23413	wikidata	fortification (place)	Marchesa Colombi	Prima morire	f	1881	1880_1889	complesso architettonico fortificato tipico del Medioevo
Neera_Lydia_1888.txt	castello	3	it	http://www.wikidata.org/entity/Q23413	wikidata	fortification (place)	Neera	Lydia	f	1888	1880_1889	complesso architettonico fortificato tipico del Medioevo
Neera_Un-nido_1880.txt	forte	3	it	http://www.wikidata.org/entity/Q1785071	wikidata	fortification (place)	Neera	Una passione	f	1880	1880_1889	costruzione militare destinata alla guerra difensiva
Neera_Un-nido_1880.txt	castello	1	it	http://www.wikidata.org/entity/Q23413	wikidata	fortification (place)	Neera	Una passione	f	1880	1880_1889	complesso architettonico fortificato tipico del Medioevo
Neera_Una-passione_1903.txt	mura	1	it	http://www.wikidata.org/entity/Q57346	wikidata	fortification (place)	Neera	Un nido	f	1903	1900_1909	fortificazione difensiva
Neera_Una-passione_1903.txt	fossato	4	it	http://www.wikidata.org/entity/Q88480	wikidata	fortification (place)	Neera	Un nido	f	1903	1900_1909	elemento di architettura militare difensiva
Neera_Una-passione_1903.txt	castello	1	it	http://www.wikidata.org/entity/Q23413	wikidata	fortification (place)	Neera	Un nido	f	1903	1900_1909	complesso architettonico fortificato tipico del Medioevo
Negri-Ada_Le-solitarie_1917.txt	forte	2	it	http://www.wikidata.org/entity/Q1785071	wikidata	fortification (place)	Negri Ada	Le solitarie	f	1917	1910_1920	costruzione militare destinata alla guerra difensiva
Negri-Ada_Le-solitarie_1917.txt	castello	1	it	http://www.wikidata.org/entity/Q23413	wikidata	fortification (place)	Negri Ada	Le solitarie	f	1917	1910_1920	complesso architettonico fortificato tipico del Medioevo
Nievo-Ippolito_Il-Barone-di-Nicastro_1860.txt	castello	10	it	http://www.wikidata.org/entity/Q23413	wikidata	fortification (place)	Nievo Ippolito	Le confessioni di un italiano	m	1860	1860_1869	complesso architettonico fortificato tipico del Medioevo
Nievo-Ippolito_Le-confessioni-di-un-italiano_1867.txt	castello	160	it	http://www.wikidata.org/entity/Q23413	wikidata	fortification (place)	Nievo Ippolito	Il barone di Nicastro	m	1867	1860_1869	complesso architettonico fortificato tipico del Medioevo
Nievo-Ippolito_Le-confessioni-di-un-italiano_1867.txt	fossato	6	it	http://www.wikidata.org/entity/Q88480	wikidata	fortification (place)	Nievo Ippolito	Il barone di Nicastro	m	1867	1860_1869	elemento di architettura militare difensiva
Nievo-Ippolito_Le-confessioni-di-un-italiano_1867.txt	ricetto	1	it	http://www.wikidata.org/entity/Q244824	wikidata	fortification (place)	Nievo Ippolito	Il barone di Nicastro	m	1867	1860_1869	struttura fortificata medievale
Nievo-Ippolito_Le-confessioni-di-un-italiano_1867.txt	cittadella	2	it	http://www.wikidata.org/entity/Q88291	wikidata	fortification (place)	Nievo Ippolito	Il barone di Nicastro	m	1867	1860_1869	
Nievo-Ippolito_Le-confessioni-di-un-italiano_1867.txt	forte	3	it	http://www.wikidata.org/entity/Q1785071	wikidata	fortification (place)	Nievo Ippolito	Il barone di Nicastro	m	1867	1860_1869	costruzione militare destinata alla guerra difensiva
Oriani-Alfredo_Al-di-la_1877.txt	castello	5	it	http://www.wikidata.org/entity/Q23413	wikidata	fortification (place)	Oriani Alfredo	Al di là	m	1877	1870_1879	complesso architettonico fortificato tipico del Medioevo
Oriani-Alfredo_No_1881.txt	castello	31	it	http://www.wikidata.org/entity/Q23413	wikidata	fortification (place)	Oriani Alfredo	No	m	1881	1880_1889	complesso architettonico fortificato tipico del Medioevo
Perodi-Emma_Il-principe-della-Marsiliana_1891.txt	castello	1	it	http://www.wikidata.org/entity/Q23413	wikidata	fortification (place)	Perodi Emma	Il principe della marsiliana	f	1891	1890_1899	complesso architettonico fortificato tipico del Medioevo
Perodi-Emma_Il-principe-della-Marsiliana_1891.txt	forte	1	it	http://www.wikidata.org/entity/Q1785071	wikidata	fortification (place)	Perodi Emma	Il principe della marsiliana	f	1891	1890_1899	costruzione militare destinata alla guerra difensiva
Petrucelli-della-Gattina-Ferdinando_I-moribondi-del-Palazzo-Carignano_1862.txt	forte	1	it	http://www.wikidata.org/entity/Q1785071	wikidata	fortification (place)	Petruccelli Ferdinando	I moribondi del palazzo Carignano	m	1862	1860_1869	costruzione militare destinata alla guerra difensiva
Petrucelli-della-Gattina-Ferdinando_I-moribondi-del-Palazzo-Carignano_1862.txt	castello	6	it	http://www.wikidata.org/entity/Q23413	wikidata	fortification (place)	Petruccelli Ferdinando	I moribondi del palazzo Carignano	m	1862	1860_1869	complesso architettonico fortificato tipico del Medioevo
Petrucelli-della-Gattina-Ferdinando_I-moribondi-del-Palazzo-Carignano_1862.txt	fossato	1	it	http://www.wikidata.org/entity/Q88480	wikidata	fortification (place)	Petruccelli Ferdinando	I moribondi del palazzo Carignano	m	1862	1860_1869	elemento di architettura militare difensiva
Petrucelli-della-Gattina-Ferdinando_Il-sorbetto-della-regina_1890.txt	castello	3	it	http://www.wikidata.org/entity/Q23413	wikidata	fortification (place)	Petruccelli Ferdinando	Il sorbetto della regina	m	1890	1890_1899	complesso architettonico fortificato tipico del Medioevo
Petrucelli-della-Gattina-Ferdinando_Il-sorbetto-della-regina_1890.txt	ridotta	1	it	http://www.wikidata.org/entity/Q90754	wikidata	fortification (place)	Petruccelli Ferdinando	Il sorbetto della regina	m	1890	1890_1899	fortificazione di minore importanza o comunque considerata secondaria
Petrucelli-della-Gattina-Ferdinando_Memorie-di-Giuda_1867.txt	cittadella	5	it	http://www.wikidata.org/entity/Q88291	wikidata	fortification (place)	Petruccelli Ferdinando	Memorie di Giuda	m	1867	1860_1869	
Petrucelli-della-Gattina-Ferdinando_Memorie-di-Giuda_1867.txt	castello	3	it	http://www.wikidata.org/entity/Q23413	wikidata	fortification (place)	Petruccelli Ferdinando	Memorie di Giuda	m	1867	1860_1869	complesso architettonico fortificato tipico del Medioevo
Petrucelli-della-Gattina-Ferdinando_Memorie-di-Giuda_1867.txt	mura	2	it	http://www.wikidata.org/entity/Q57346	wikidata	fortification (place)	Petruccelli Ferdinando	Memorie di Giuda	m	1867	1860_1869	fortificazione difensiva
Petrucelli-della-Gattina-Ferdinando_Memorie-di-Giuda_1867.txt	principia	1	it	http://www.wikidata.org/entity/Q2110440	wikidata	fortification (place)	Petruccelli Ferdinando	Memorie di Giuda	m	1867	1860_1869	
Pirandello-Luigi_I-vecchi-e-i-Giovani_1913.txt	castello	2	it	http://www.wikidata.org/entity/Q23413	wikidata	fortification (place)	Pirandello Luigi	Il fu Mattia Pascal	m	1913	1910_1920	complesso architettonico fortificato tipico del Medioevo
Pirandello-Luigi_I-vecchi-e-i-Giovani_1913.txt	forte	3	it	http://www.wikidata.org/entity/Q1785071	wikidata	fortification (place)	Pirandello Luigi	Il fu Mattia Pascal	m	1913	1910_1920	costruzione militare destinata alla guerra difensiva
Pirandello-Luigi_I-vecchi-e-i-Giovani_1913.txt	cittadella	1	it	http://www.wikidata.org/entity/Q88291	wikidata	fortification (place)	Pirandello Luigi	Il fu Mattia Pascal	m	1913	1910_1920	
Pirandello-Luigi_Il-fu-Mattia_Pascal_1904.txt	castello	2	it	http://www.wikidata.org/entity/Q23413	wikidata	fortification (place)	Pirandello Luigi	I vecchi e i giovani	m	1904	1900_1909	complesso architettonico fortificato tipico del Medioevo
Pirandello-Luigi_Il-fu-Mattia_Pascal_1904.txt	forte	2	it	http://www.wikidata.org/entity/Q1785071	wikidata	fortification (place)	Pirandello Luigi	I vecchi e i giovani	m	1904	1900_1909	costruzione militare destinata alla guerra difensiva
Pirandello-Luigi_Il-fu-Mattia_Pascal_1904.txt	ricetto	1	it	http://www.wikidata.org/entity/Q244824	wikidata	fortification (place)	Pirandello Luigi	I vecchi e i giovani	m	1904	1900_1909	struttura fortificata medievale
Praga-Emilio_Memorie-del-Presbiterio_1881.txt	cittadella	1	it	http://www.wikidata.org/entity/Q88291	wikidata	fortification (place)	Praga Emilio	Memorie del presbiterio	m	1881	1880_1889	
Praga-Emilio_Memorie-del-Presbiterio_1881.txt	castello	1	it	http://www.wikidata.org/entity/Q23413	wikidata	fortification (place)	Praga Emilio	Memorie del presbiterio	m	1881	1880_1889	complesso architettonico fortificato tipico del Medioevo
Righetti-Carlo_La-Scapigliatura_1862.txt	castello	4	it	http://www.wikidata.org/entity/Q23413	wikidata	fortification (place)	Righetti Carlo	La scapigliatura	m	1862	1860_1869	complesso architettonico fortificato tipico del Medioevo
Righetti-Carlo_La-Scapigliatura_1862.txt	forte	2	it	http://www.wikidata.org/entity/Q1785071	wikidata	fortification (place)	Righetti Carlo	La scapigliatura	m	1862	1860_1869	costruzione militare destinata alla guerra difensiva
Rovani-Giuseppe_Cent-Anni_1859.txt	castello	5	it	http://www.wikidata.org/entity/Q23413	wikidata	fortification (place)	Rovani Giuseppe	Cent’anni	m	1859	1850_1859	complesso architettonico fortificato tipico del Medioevo
Rovani-Giuseppe_Cent-Anni_1859.txt	fossato	1	it	http://www.wikidata.org/entity/Q88480	wikidata	fortification (place)	Rovani Giuseppe	Cent’anni	m	1859	1850_1859	elemento di architettura militare difensiva
Rovetta-Gerolamo_Casta-diva_1903.txt	forte	1	it	http://www.wikidata.org/entity/Q1785071	wikidata	fortification (place)	Rovetta Gerolamo	Casta Diva	m	1903	1900_1909	costruzione militare destinata alla guerra difensiva
Rovetta-Gerolamo_Casta-diva_1903.txt	castello	1	it	http://www.wikidata.org/entity/Q23413	wikidata	fortification (place)	Rovetta Gerolamo	Casta Diva	m	1903	1900_1909	complesso architettonico fortificato tipico del Medioevo
Rovetta-Gerolamo_Casta-diva_1903.txt	ricetto	1	it	http://www.wikidata.org/entity/Q244824	wikidata	fortification (place)	Rovetta Gerolamo	Casta Diva	m	1903	1900_1909	struttura fortificata medievale
Rovetta-Gerolamo_Mater-dolorosa_1882.txt	castello	8	it	http://www.wikidata.org/entity/Q23413	wikidata	fortification (place)	Rovetta Gerolamo	Mater dolorosa	m	1882	1880_1889	complesso architettonico fortificato tipico del Medioevo
Rovetta-Gerolamo_Mater-dolorosa_1882.txt	forte	1	it	http://www.wikidata.org/entity/Q1785071	wikidata	fortification (place)	Rovetta Gerolamo	Mater dolorosa	m	1882	1880_1889	costruzione militare destinata alla guerra difensiva
Ruffini-Giovanni_Lorenzo-Benoni_1853.txt	forte	3	it	http://www.wikidata.org/entity/Q1785071	wikidata	fortification (place)	Ruffini Giovanni	Lorenzo Benoni	m	1853	1850_1859	costruzione militare destinata alla guerra difensiva
Salgari-Emilio_Alla-conquista-di-un-impero_1907.txt	forte	2	it	http://www.wikidata.org/entity/Q1785071	wikidata	fortification (place)	Salgari Emilio	Alla conquista di un impero	m	1907	1900_1909	costruzione militare destinata alla guerra difensiva
Salgari-Emilio_Alla-conquista-di-un-impero_1907.txt	castello	1	it	http://www.wikidata.org/entity/Q23413	wikidata	fortification (place)	Salgari Emilio	Alla conquista di un impero	m	1907	1900_1909	complesso architettonico fortificato tipico del Medioevo
Salgari-Emilio_Alla-conquista-di-un-impero_1907.txt	cittadella	5	it	http://www.wikidata.org/entity/Q88291	wikidata	fortification (place)	Salgari Emilio	Alla conquista di un impero	m	1907	1900_1909	
Salgari-Emilio_I-misteri-della-giungla-nera_1887.txt	castello	3	it	http://www.wikidata.org/entity/Q23413	wikidata	fortification (place)	Salgari Emilio	I misteri della giungla nera	m	1887	1880_1889	complesso architettonico fortificato tipico del Medioevo
Salgari-Emilio_I-misteri-della-giungla-nera_1887.txt	forte	3	it	http://www.wikidata.org/entity/Q1785071	wikidata	fortification (place)	Salgari Emilio	I misteri della giungla nera	m	1887	1880_1889	costruzione militare destinata alla guerra difensiva
Salgari-Emilio_I-misteri-della-giungla-nera_1887.txt	fossato	2	it	http://www.wikidata.org/entity/Q88480	wikidata	fortification (place)	Salgari Emilio	I misteri della giungla nera	m	1887	1880_1889	elemento di architettura militare difensiva
Salgari-Emilio_I-pirati-della-Malesia_1896.txt	castello	6	it	http://www.wikidata.org/entity/Q23413	wikidata	fortification (place)	Salgari Emilio	I pirati della Malesia	m	1896	1890_1899	complesso architettonico fortificato tipico del Medioevo
Salgari-Emilio_I-pirati-della-Malesia_1896.txt	fossato	2	it	http://www.wikidata.org/entity/Q88480	wikidata	fortification (place)	Salgari Emilio	I pirati della Malesia	m	1896	1890_1899	elemento di architettura militare difensiva
Salgari-Emilio_I-pirati-della-Malesia_1896.txt	forte	21	it	http://www.wikidata.org/entity/Q1785071	wikidata	fortification (place)	Salgari Emilio	I pirati della Malesia	m	1896	1890_1899	costruzione militare destinata alla guerra difensiva
Serao-Matidle_Cuore-infermo_1881.txt	castello	3	it	http://www.wikidata.org/entity/Q23413	wikidata	fortification (place)	Serao Matilde	Cuore inferno	f	1881	1880_1889	complesso architettonico fortificato tipico del Medioevo
Serao-Matidle_Cuore-infermo_1881.txt	forte	1	it	http://www.wikidata.org/entity/Q1785071	wikidata	fortification (place)	Serao Matilde	Cuore inferno	f	1881	1880_1889	costruzione militare destinata alla guerra difensiva
Serao-Matilde_Dal-vero_1879.txt	castello	1	it	http://www.wikidata.org/entity/Q23413	wikidata	fortification (place)	Serao Matilde	Dal vero	f	1879	1870_1879	complesso architettonico fortificato tipico del Medioevo
Serao-Matilde_La-mano-tagliata_1912.txt	castello	2	it	http://www.wikidata.org/entity/Q23413	wikidata	fortification (place)	Serao Matilde	La mano tagliata	f	1912	1910_1920	complesso architettonico fortificato tipico del Medioevo
Silvola-Rodolfo-Giuspeppe_Alboino-in-Italia_1840.txt	forte	2	it	http://www.wikidata.org/entity/Q1785071	wikidata	fortification (place)	Silvola Rodolfo Giuseppe	Alboino in Italia	m	1840	1840_1849	costruzione militare destinata alla guerra difensiva
Silvola-Rodolfo-Giuspeppe_Alboino-in-Italia_1840.txt	mura	1	it	http://www.wikidata.org/entity/Q57346	wikidata	fortification (place)	Silvola Rodolfo Giuseppe	Alboino in Italia	m	1840	1840_1849	fortificazione difensiva
Silvola-Rodolfo-Giuspeppe_Alboino-in-Italia_1840.txt	castello	9	it	http://www.wikidata.org/entity/Q23413	wikidata	fortification (place)	Silvola Rodolfo Giuseppe	Alboino in Italia	m	1840	1840_1849	complesso architettonico fortificato tipico del Medioevo
Slataper-Scipio_Il-mio-Carso_1912.txt	castello	1	it	http://www.wikidata.org/entity/Q23413	wikidata	fortification (place)	Slataper Scipio	Il mio Carso	m	1912	1910_1920	complesso architettonico fortificato tipico del Medioevo
Svevo-Italo_La-coscienza-di-Zeno_1923.txt	castello	1	it	http://www.wikidata.org/entity/Q23413	wikidata	fortification (place)	Svevo Italo	La coscienza di Zeno	m	1923	1910_1920	complesso architettonico fortificato tipico del Medioevo
Svevo-Italo_Una-vita_1892.txt	barbetta	1	it	http://www.wikidata.org/entity/Q81697	wikidata	fortification (place)	Svevo Italo	Una vita	m	1892	1890_1899	
Tarchetti-Iginio-Ugo_Fosca_1869.txt	castello	7	it	http://www.wikidata.org/entity/Q23413	wikidata	fortification (place)	Tarchetti Iginio Ugo	Fosca	m	1869	1860_1869	complesso architettonico fortificato tipico del Medioevo
Tarchetti-Iginio-Ugo_Fosca_1869.txt	fossato	1	it	http://www.wikidata.org/entity/Q88480	wikidata	fortification (place)	Tarchetti Iginio Ugo	Fosca	m	1869	1860_1869	elemento di architettura militare difensiva
Tartufari-Clarice_Il-miracolo_1909.txt	castello	1	it	http://www.wikidata.org/entity/Q23413	wikidata	fortification (place)	Tartufari. Clarice	Il miracolo	f	1909	1900_1909	complesso architettonico fortificato tipico del Medioevo
Tartufari-Clarice_Il-miracolo_1909.txt	barbetta	1	it	http://www.wikidata.org/entity/Q81697	wikidata	fortification (place)	Tartufari. Clarice	Il miracolo	f	1909	1900_1909	
Tartufari-Clarice_Maestra_1887.txt	castello	2	it	http://www.wikidata.org/entity/Q23413	wikidata	fortification (place)	Tartufari. Clarice	Maestra	f	1887	1880_1889	complesso architettonico fortificato tipico del Medioevo
Tommaseo-Niccolo_Fede-e-bellezza_1840.txt	cittadella	1	it	http://www.wikidata.org/entity/Q88291	wikidata	fortification (place)	Tommaseo Niccolò	Fede e bellezza	m	1840	1840_1849	
Torricelli-Giovanni-Battista_Oddantonio-Feltre_1860.txt	castello	47	it	http://www.wikidata.org/entity/Q23413	wikidata	fortification (place)	Torricelli Giovan Battista	Oddantonio Feltre	m	1860	1860_1869	complesso architettonico fortificato tipico del Medioevo
Torricelli-Giovanni-Battista_Oddantonio-Feltre_1860.txt	mura	2	it	http://www.wikidata.org/entity/Q57346	wikidata	fortification (place)	Torricelli Giovan Battista	Oddantonio Feltre	m	1860	1860_1869	fortificazione difensiva
Torricelli-Giovanni-Battista_Oddantonio-Feltre_1860.txt	forte	4	it	http://www.wikidata.org/entity/Q1785071	wikidata	fortification (place)	Torricelli Giovan Battista	Oddantonio Feltre	m	1860	1860_1869	costruzione militare destinata alla guerra difensiva
Torricelli-Giovanni-Battista_Oddantonio-Feltre_1860.txt	ricetto	1	it	http://www.wikidata.org/entity/Q244824	wikidata	fortification (place)	Torricelli Giovan Battista	Oddantonio Feltre	m	1860	1860_1869	struttura fortificata medievale
Verga-Giovanni_Il-marito-di-Elena_1882.txt	castello	5	it	http://www.wikidata.org/entity/Q23413	wikidata	fortification (place)	Verga Giovanni	Il marito di Elena	m	1882	1880_1889	complesso architettonico fortificato tipico del Medioevo
Verga-Giovanni_Il-marito-di-Elena_1882.txt	principia	1	it	http://www.wikidata.org/entity/Q2110440	wikidata	fortification (place)	Verga Giovanni	Il marito di Elena	m	1882	1880_1889	
Verga-Giovanni_Tigre-reale_1875.txt	castello	3	it	http://www.wikidata.org/entity/Q23413	wikidata	fortification (place)	Verga Giovanni	Tigre Reale	m	1875	1870_1879	complesso architettonico fortificato tipico del Medioevo
Verga-Giovanni_Una-peccatrice_1866.txt	castello	2	it	http://www.wikidata.org/entity/Q23413	wikidata	fortification (place)	Verga Giovanni	Una peccatrice	m	1866	1860_1869	complesso architettonico fortificato tipico del Medioevo
Zuccoli-Luciano_La-freccia-nel-fianco_1913.txt	forte	2	it	http://www.wikidata.org/entity/Q1785071	wikidata	fortification (place)	Zuccoli Luciano	La freccia nel fianco	m	1913	1910_1920	costruzione militare destinata alla guerra difensiva
Zuccoli-Luciano_Roberta_1897.txt	forte	1	it	http://www.wikidata.org/entity/Q1785071	wikidata	fortification (place)	Zuccoli Luciano	Roberta	m	1897	1890_1899	costruzione militare destinata alla guerra difensiva
