Aleramo-Sibilla_Il-passaggio_1919.txt	rifugio	3	it	custom_589	custom	rural building (place)	Aleramo Sibilla	Il passaggio	f	1919	1910_1920	
Aleramo-Sibilla_Una-donna_1907.txt	rifugio	2	it	custom_589	custom	rural building (place)	Aleramo Sibilla	Una donna	f	1907	1900_1909	
Bersezio-Vittorio_La-carita-del-prossimo_1868.txt	mulino	1	it	custom_582	custom	rural building (place)	Bersezio Vittorio	La carità del prossimo	m	1868	1860_1869	
Bersezio-Vittorio_La-carita-del-prossimo_1868.txt	casolare	4	it	custom_570	custom	rural building (place)	Bersezio Vittorio	La carità del prossimo	m	1868	1860_1869	
Bersezio-Vittorio_Povera-Giovanna_1869.txt	granaio	1	it	custom_576	custom	rural building (place)	Bersezio Vittorio	Povera Giovanna	m	1869	1860_1869	
Bersezio-Vittorio_Povera-Giovanna_1869.txt	rifugio	1	it	custom_589	custom	rural building (place)	Bersezio Vittorio	Povera Giovanna	m	1869	1860_1869	
Bersezio-Vittorio_Povera-Giovanna_1869.txt	cascina	1	it	http://www.wikidata.org/entity/Q1169748	wikidata	rural building (place)	Bersezio Vittorio	Povera Giovanna	m	1869	1860_1869	struttura agricola tipica della Pianura Padana
Boito-Camillo_Il-Maestro-di-Setticlavio_1891.txt	casolare	5	it	custom_570	custom	rural building (place)	Boito Camillo	Il maestro di Setticlavio	m	1891	1890_1899	
Boito-Camillo_Senso_1883.txt	stalla	1	it	custom_591	custom	rural building (place)	Boito Camillo	Senso Nuove storielle varie	m	1883	1880_1889	
Capuana-Luigi_Giacinta_1879.txt	cascina	3	it	http://www.wikidata.org/entity/Q1169748	wikidata	rural building (place)	Capuana Luigi	Giacinta	m	1879	1870_1879	struttura agricola tipica della Pianura Padana
Capuana-Luigi_Giacinta_1879.txt	stalla	1	it	custom_591	custom	rural building (place)	Capuana Luigi	Giacinta	m	1879	1870_1879	
Capuana-Luigi_Il-Marchese-Di-Roccaverdina-1901.txt	stalla	5	it	custom_591	custom	rural building (place)	Capuana Luigi	Il marchese di Roccaverdina	m	1901	1900_1909	
Capuana-Luigi_Il-Marchese-Di-Roccaverdina-1901.txt	legnaia	1	it	custom_579	custom	rural building (place)	Capuana Luigi	Il marchese di Roccaverdina	m	1901	1900_1909	
Capuana-Luigi_Il-Marchese-Di-Roccaverdina-1901.txt	mulino	1	it	custom_582	custom	rural building (place)	Capuana Luigi	Il marchese di Roccaverdina	m	1901	1900_1909	
Capuana-Luigi_Profumo_1892.txt	casolare	1	it	custom_570	custom	rural building (place)	Capuana Luigi	Profumo	m	1892	1890_1899	
Capuana-Luigi_Profumo_1892.txt	casa rurale	1	it	custom_566	custom	rural building (place)	Capuana Luigi	Profumo	m	1892	1890_1899	
Capuana-Luigi_Profumo_1892.txt	casa rustico	1	it	custom_567	custom	rural building (place)	Capuana Luigi	Profumo	m	1892	1890_1899	
Caracciolo-Enrichetta_Misteri-del-chiostro-napoletano_1864.txt	rifugio	7	it	custom_589	custom	rural building (place)	Caracciolo Enrichetta	I misteri del chiostro napoletano	f	1864	1860_1869	
Caracciolo-Enrichetta_Misteri-del-chiostro-napoletano_1864.txt	pollaio	2	it	custom_586	custom	rural building (place)	Caracciolo Enrichetta	I misteri del chiostro napoletano	f	1864	1860_1869	
Caracciolo-Enrichetta_Misteri-del-chiostro-napoletano_1864.txt	capanna	1	it	custom_561	custom	rural building (place)	Caracciolo Enrichetta	I misteri del chiostro napoletano	f	1864	1860_1869	
Carcano-Giulio_Damiano_1850.txt	capanna	1	it	custom_561	custom	rural building (place)	Carcano Giulio	Damiano	m	1850	1850_1859	
Carcano-Giulio_Damiano_1850.txt	casolare	2	it	custom_570	custom	rural building (place)	Carcano Giulio	Damiano	m	1850	1850_1859	
Carcano-Giulio_Damiano_1850.txt	casale	2	it	http://www.wikidata.org/entity/Q3661417	wikidata	rural building (place)	Carcano Giulio	Damiano	m	1850	1850_1859	gruppo di case rustiche
Carcano-Giulio_Damiano_1850.txt	cascina	2	it	http://www.wikidata.org/entity/Q1169748	wikidata	rural building (place)	Carcano Giulio	Damiano	m	1850	1850_1859	struttura agricola tipica della Pianura Padana
Carcano-Giulio_Damiano_1850.txt	stalla	1	it	custom_591	custom	rural building (place)	Carcano Giulio	Damiano	m	1850	1850_1859	
Carcano-Giulio_Damiano_1850.txt	accampamento	1	it	custom_557	custom	rural building (place)	Carcano Giulio	Damiano	m	1850	1850_1859	
Carcano-Giulio_La-Nunziata-novelle-campagnuole_1849.txt	stalla	5	it	custom_591	custom	rural building (place)	Carcano Giulio	La nunziata	m	1849	1840_1849	
Carcano-Giulio_La-Nunziata-novelle-campagnuole_1849.txt	masseria	2	it	http://www.wikidata.org/entity/Q1416696	wikidata	rural building (place)	Carcano Giulio	La nunziata	m	1849	1840_1849	
Carcano-Giulio_La-Nunziata-novelle-campagnuole_1849.txt	podere	1	it	custom_585	custom	rural building (place)	Carcano Giulio	La nunziata	m	1849	1840_1849	
Carcano-Giulio_La-Nunziata-novelle-campagnuole_1849.txt	casolare	10	it	custom_570	custom	rural building (place)	Carcano Giulio	La nunziata	m	1849	1840_1849	
Carcano-Giulio_La-Nunziata-novelle-campagnuole_1849.txt	cascina	2	it	http://www.wikidata.org/entity/Q1169748	wikidata	rural building (place)	Carcano Giulio	La nunziata	m	1849	1840_1849	struttura agricola tipica della Pianura Padana
Carcano-Giulio_La-Nunziata-novelle-campagnuole_1849.txt	capanna	1	it	custom_561	custom	rural building (place)	Carcano Giulio	La nunziata	m	1849	1840_1849	
Carcano-Giulio_La-Nunziata-novelle-campagnuole_1849.txt	casale	2	it	http://www.wikidata.org/entity/Q3661417	wikidata	rural building (place)	Carcano Giulio	La nunziata	m	1849	1840_1849	gruppo di case rustiche
Carcano-Giulio_La-Nunziata-novelle-campagnuole_1849.txt	rustico	1	it	custom_590	custom	rural building (place)	Carcano Giulio	La nunziata	m	1849	1840_1849	
Carcano-Giulio_La-Nunziata-novelle-campagnuole_1849.txt	casa di campagna	1	it	custom_565	custom	rural building (place)	Carcano Giulio	La nunziata	m	1849	1840_1849	
Castellani-Fantoni-Benaglio-Ines_Mia_1884.txt	casolare	1	it	custom_570	custom	rural building (place)	Castellani Fantoni Benaglio Ines	Mia	f	1884	1880_1889	
Castellani-Fantoni-Benaglio-Ines_Mia_1884.txt	cascina	7	it	http://www.wikidata.org/entity/Q1169748	wikidata	rural building (place)	Castellani Fantoni Benaglio Ines	Mia	f	1884	1880_1889	struttura agricola tipica della Pianura Padana
Castellani-Fantoni-Benaglio-Ines_Mia_1884.txt	rifugio	1	it	custom_589	custom	rural building (place)	Castellani Fantoni Benaglio Ines	Mia	f	1884	1880_1889	
Collodi-Carlo_Pinocchio_1883.txt	rifugio	1	it	custom_589	custom	rural building (place)	Collodi Carlo	Le avventure di Pinocchio	m	1883	1880_1889	
Collodi-Carlo_Pinocchio_1883.txt	pollaio	7	it	custom_586	custom	rural building (place)	Collodi Carlo	Le avventure di Pinocchio	m	1883	1880_1889	
Collodi-Carlo_Pinocchio_1883.txt	capanna	7	it	custom_561	custom	rural building (place)	Collodi Carlo	Le avventure di Pinocchio	m	1883	1880_1889	
Collodi-Carlo_Pinocchio_1883.txt	stalla	6	it	custom_591	custom	rural building (place)	Collodi Carlo	Le avventure di Pinocchio	m	1883	1880_1889	
D-Annunzio-Gabriele_Il-Fuoco_1900.txt	rifugio	5	it	custom_589	custom	rural building (place)	D’Annunzio Gabriele	Il fuoco	m	1900	1900_1909	
D-Annunzio-Gabriele_Il-Piacere_1889.txt	rifugio	4	it	custom_589	custom	rural building (place)	D’Annunzio Gabriele	Il piacere	m	1889	1880_1889	
D-Annunzio-Gabriele_Le-Vergini-Delle-Rocce_1895.txt	rifugio	3	it	custom_589	custom	rural building (place)	D’Annunzio Gabriele	Le vergini delle rocce	m	1895	1890_1899	
De-Amicis-Edmondo_Cuore_1886.txt	accampamento	1	it	custom_557	custom	rural building (place)	De Amicis Edomondo	Cuore   	m	1886	1880_1889	
De-Amicis-Edmondo_Cuore_1886.txt	rustico	1	it	custom_590	custom	rural building (place)	De Amicis Edomondo	Cuore   	m	1886	1880_1889	
De-Amicis-Edmondo_Cuore_1886.txt	capanna	1	it	custom_561	custom	rural building (place)	De Amicis Edomondo	Cuore   	m	1886	1880_1889	
De-Amicis-Edmondo_Cuore_1886.txt	pollaio	1	it	custom_586	custom	rural building (place)	De Amicis Edomondo	Cuore   	m	1886	1880_1889	
De-Amicis-Edmondo_Cuore_1886.txt	piantagione	1	it	http://www.wikidata.org/entity/Q188913	wikidata	rural building (place)	De Amicis Edomondo	Cuore   	m	1886	1880_1889	
De-Amicis-Edmondo_Cuore_1886.txt	mulino	1	it	custom_582	custom	rural building (place)	De Amicis Edomondo	Cuore   	m	1886	1880_1889	
De-Marchi-Emilio_Demetrio-Pianelli_1890.txt	stalla	4	it	custom_591	custom	rural building (place)	De Marchi Emilio	Demetrio Pianelli	m	1890	1890_1899	
De-Marchi-Emilio_Demetrio-Pianelli_1890.txt	cascina	5	it	http://www.wikidata.org/entity/Q1169748	wikidata	rural building (place)	De Marchi Emilio	Demetrio Pianelli	m	1890	1890_1899	struttura agricola tipica della Pianura Padana
De-Marchi-Emilio_Demetrio-Pianelli_1890.txt	pollaio	3	it	custom_586	custom	rural building (place)	De Marchi Emilio	Demetrio Pianelli	m	1890	1890_1899	
De-Marchi-Emilio_Demetrio-Pianelli_1890.txt	fienile	1	it	custom_575	custom	rural building (place)	De Marchi Emilio	Demetrio Pianelli	m	1890	1890_1899	
De-Marchi-Emilio_Demetrio-Pianelli_1890.txt	legnaia	1	it	custom_579	custom	rural building (place)	De Marchi Emilio	Demetrio Pianelli	m	1890	1890_1899	
De-Marchi-Emilio_Demetrio-Pianelli_1890.txt	rifugio	1	it	custom_589	custom	rural building (place)	De Marchi Emilio	Demetrio Pianelli	m	1890	1890_1899	
De-Marchi-Emilio_Giacomo-l-idealista_1897.txt	casolare	3	it	custom_570	custom	rural building (place)	De Marchi Emilio	Giacomo l’idealista	m	1897	1890_1899	
De-Marchi-Emilio_Giacomo-l-idealista_1897.txt	stalla	6	it	custom_591	custom	rural building (place)	De Marchi Emilio	Giacomo l’idealista	m	1897	1890_1899	
De-Marchi-Emilio_Giacomo-l-idealista_1897.txt	granaio	1	it	custom_576	custom	rural building (place)	De Marchi Emilio	Giacomo l’idealista	m	1897	1890_1899	
De-Marchi-Emilio_Giacomo-l-idealista_1897.txt	rifugio	4	it	custom_589	custom	rural building (place)	De Marchi Emilio	Giacomo l’idealista	m	1897	1890_1899	
De-Marchi-Emilio_Giacomo-l-idealista_1897.txt	cascina	2	it	http://www.wikidata.org/entity/Q1169748	wikidata	rural building (place)	De Marchi Emilio	Giacomo l’idealista	m	1897	1890_1899	struttura agricola tipica della Pianura Padana
De-Marchi-Emilio_Giacomo-l-idealista_1897.txt	fienile	6	it	custom_575	custom	rural building (place)	De Marchi Emilio	Giacomo l’idealista	m	1897	1890_1899	
De-Marchi-Emilio_Giacomo-l-idealista_1897.txt	fattoria	1	it	custom_574	custom	rural building (place)	De Marchi Emilio	Giacomo l’idealista	m	1897	1890_1899	
De-Marchi-Emilio_Giacomo-l-idealista_1897.txt	podere	1	it	custom_585	custom	rural building (place)	De Marchi Emilio	Giacomo l’idealista	m	1897	1890_1899	
De-Marchi-Emilio_Il-cappello-del-prete_1888.txt	rifugio	4	it	custom_589	custom	rural building (place)	De Marchi Emilio	Il cappello del prete	m	1888	1880_1889	
De-Marchi-Emilio_Il-cappello-del-prete_1888.txt	stalla	11	it	custom_591	custom	rural building (place)	De Marchi Emilio	Il cappello del prete	m	1888	1880_1889	
De-Marchi-Emilio_Il-cappello-del-prete_1888.txt	legnaia	4	it	custom_579	custom	rural building (place)	De Marchi Emilio	Il cappello del prete	m	1888	1880_1889	
De-Marchi-Emilio_Il-cappello-del-prete_1888.txt	rustico	2	it	custom_590	custom	rural building (place)	De Marchi Emilio	Il cappello del prete	m	1888	1880_1889	
De-Marchi-Emilio_Il-cappello-del-prete_1888.txt	casolare	2	it	custom_570	custom	rural building (place)	De Marchi Emilio	Il cappello del prete	m	1888	1880_1889	
De-Roberto-Federico_I-vicere_1894.txt	stalla	16	it	custom_591	custom	rural building (place)	De Roberto Federico	I viceré	m	1894	1890_1899	
De-Roberto-Federico_I-vicere_1894.txt	podere	22	it	custom_585	custom	rural building (place)	De Roberto Federico	I viceré	m	1894	1890_1899	
De-Roberto-Federico_I-vicere_1894.txt	rifugio	7	it	custom_589	custom	rural building (place)	De Roberto Federico	I viceré	m	1894	1890_1899	
De-Roberto-Federico_I-vicere_1894.txt	mulino	2	it	custom_582	custom	rural building (place)	De Roberto Federico	I viceré	m	1894	1890_1899	
De-Roberto-Federico_I-vicere_1894.txt	casolare	1	it	custom_570	custom	rural building (place)	De Roberto Federico	I viceré	m	1894	1890_1899	
De-Roberto-Federico_I-vicere_1894.txt	fattoria	1	it	custom_574	custom	rural building (place)	De Roberto Federico	I viceré	m	1894	1890_1899	
De-Roberto-Federico_I-vicere_1894.txt	accampamento	1	it	custom_557	custom	rural building (place)	De Roberto Federico	I viceré	m	1894	1890_1899	
De-Roberto-Federico_Processi-verbali_1890.txt	stalla	2	it	custom_591	custom	rural building (place)	De Roberto Federico	Processi verbali	m	1890	1890_1899	
De-Roberto-Federico_Processi-verbali_1890.txt	fattoria	1	it	custom_574	custom	rural building (place)	De Roberto Federico	Processi verbali	m	1890	1890_1899	
Deledda-Grazia_Canne-al-vento_1913.txt	capanna	47	it	custom_561	custom	rural building (place)	Deledda Grazia	Canne al vento	f	1913	1910_1920	
Deledda-Grazia_Canne-al-vento_1913.txt	podere	17	it	custom_585	custom	rural building (place)	Deledda Grazia	Canne al vento	f	1913	1910_1920	
Deledda-Grazia_Canne-al-vento_1913.txt	rifugio	1	it	custom_589	custom	rural building (place)	Deledda Grazia	Canne al vento	f	1913	1910_1920	
Deledda-Grazia_Canne-al-vento_1913.txt	stalla	1	it	custom_591	custom	rural building (place)	Deledda Grazia	Canne al vento	f	1913	1910_1920	
Deledda-Grazia_La-madre_1920.txt	legnaia	1	it	custom_579	custom	rural building (place)	Deledda Grazia	La madre	f	1920	1910_1920	
Deledda-Grazia_La-madre_1920.txt	podere	1	it	custom_585	custom	rural building (place)	Deledda Grazia	La madre	f	1920	1910_1920	
Deledda-Grazia_La-madre_1920.txt	capanna	9	it	custom_561	custom	rural building (place)	Deledda Grazia	La madre	f	1920	1910_1920	
Deledda-Grazia_La-via-del-male_1896.txt	stalla	1	it	custom_591	custom	rural building (place)	Deledda Grazia	La via del male	f	1896	1890_1899	
Deledda-Grazia_La-via-del-male_1896.txt	podere	6	it	custom_585	custom	rural building (place)	Deledda Grazia	La via del male	f	1896	1890_1899	
Deledda-Grazia_La-via-del-male_1896.txt	capanna	34	it	custom_561	custom	rural building (place)	Deledda Grazia	La via del male	f	1896	1890_1899	
Deledda-Grazia_La-via-del-male_1896.txt	accampamento	1	it	custom_557	custom	rural building (place)	Deledda Grazia	La via del male	f	1896	1890_1899	
Di-Luanto-Regina_Nuovissimo-amore_1903.txt	rifugio	4	it	custom_589	custom	rural building (place)	Di Luanto Regina	Nuovissimo amore	f	1903	1900_1909	
Dossi-Carlo_La-colonia-felice_1874.txt	casolare	1	it	custom_570	custom	rural building (place)	Dossi Carlo	La colonia felice	m	1874	1870_1879	
Dossi-Carlo_La-colonia-felice_1874.txt	capanna	1	it	custom_561	custom	rural building (place)	Dossi Carlo	La colonia felice	m	1874	1870_1879	
Dossi-Carlo_La-colonia-felice_1874.txt	rifugio	1	it	custom_589	custom	rural building (place)	Dossi Carlo	La colonia felice	m	1874	1870_1879	
Dossi-Carlo_La-desinenza-in-a_1873.txt	stalla	2	it	custom_591	custom	rural building (place)	Dossi Carlo	La desinenza in A	m	1873	1870_1879	
EmilianiGiudici-Paolo_Beppe-Arpia_1851.txt	fattoria	1	it	custom_574	custom	rural building (place)	Emiliani Giudici Paolo	Beppe Arpia	m	1851	1850_1859	
EmilianiGiudici-Paolo_Beppe-Arpia_1851.txt	podere	2	it	custom_585	custom	rural building (place)	Emiliani Giudici Paolo	Beppe Arpia	m	1851	1850_1859	
EmilianiGiudici-Paolo_Beppe-Arpia_1851.txt	stalla	3	it	custom_591	custom	rural building (place)	Emiliani Giudici Paolo	Beppe Arpia	m	1851	1850_1859	
EmilianiGiudici-Paolo_Beppe-Arpia_1851.txt	mulino	1	it	custom_582	custom	rural building (place)	Emiliani Giudici Paolo	Beppe Arpia	m	1851	1850_1859	
Fogazzaro-Antonio_Daniele-Cortis_1885.txt	granaio	1	it	custom_576	custom	rural building (place)	Fogazzaro Antonio	Daniele Cortis	m	1885	1880_1889	
Fogazzaro-Antonio_Daniele-Cortis_1885.txt	fattoria	7	it	custom_574	custom	rural building (place)	Fogazzaro Antonio	Daniele Cortis	m	1885	1880_1889	
Fogazzaro-Antonio_Daniele-Cortis_1885.txt	stalla	1	it	custom_591	custom	rural building (place)	Fogazzaro Antonio	Daniele Cortis	m	1885	1880_1889	
Fogazzaro-Antonio_Malombra_1881.txt	casolare	1	it	custom_570	custom	rural building (place)	Fogazzaro Antonio	Malombra	m	1881	1880_1889	
Fogazzaro-Antonio_Malombra_1881.txt	casale	1	it	http://www.wikidata.org/entity/Q3661417	wikidata	rural building (place)	Fogazzaro Antonio	Malombra	m	1881	1880_1889	gruppo di case rustiche
Fogazzaro-Antonio_Malombra_1881.txt	granaio	4	it	custom_576	custom	rural building (place)	Fogazzaro Antonio	Malombra	m	1881	1880_1889	
Fogazzaro-Antonio_Malombra_1881.txt	stalla	7	it	custom_591	custom	rural building (place)	Fogazzaro Antonio	Malombra	m	1881	1880_1889	
Fogazzaro-Antonio_Malombra_1881.txt	capanna	1	it	custom_561	custom	rural building (place)	Fogazzaro Antonio	Malombra	m	1881	1880_1889	
Fogazzaro-Antonio_Piccolo-mondo-moderno_1901.txt	podere	4	it	custom_585	custom	rural building (place)	Fogazzaro Antonio	Piccolo mondo moderno	m	1901	1900_1909	
Fogazzaro-Antonio_Piccolo-mondo-moderno_1901.txt	casolare	1	it	custom_570	custom	rural building (place)	Fogazzaro Antonio	Piccolo mondo moderno	m	1901	1900_1909	
Fogazzaro-Antonio_Piccolo-mondo-moderno_1901.txt	capanna	1	it	custom_561	custom	rural building (place)	Fogazzaro Antonio	Piccolo mondo moderno	m	1901	1900_1909	
Fogazzaro-Antonio_Piccolo-mondo-moderno_1901.txt	rifugio	1	it	custom_589	custom	rural building (place)	Fogazzaro Antonio	Piccolo mondo moderno	m	1901	1900_1909	
Garibaldi-Giuseppe_Cantoni-il-volontario_1870.txt	rifugio	1	it	custom_589	custom	rural building (place)	Garibaldi Giuseppe	Cantoni il volontario	m	1870	1870_1879	
Garibaldi-Giuseppe_Clelia-ovvero-il-governo-dei-preti_1870.txt	rifugio	6	it	custom_589	custom	rural building (place)	Garibaldi Giuseppe	Clelia	m	1870	1870_1879	
Garibaldi-Giuseppe_Clelia-ovvero-il-governo-dei-preti_1870.txt	stalla	1	it	custom_591	custom	rural building (place)	Garibaldi Giuseppe	Clelia	m	1870	1870_1879	
Garibaldi-Giuseppe_Clelia-ovvero-il-governo-dei-preti_1870.txt	capanna	2	it	custom_561	custom	rural building (place)	Garibaldi Giuseppe	Clelia	m	1870	1870_1879	
Garibaldi-Giuseppe_Clelia-ovvero-il-governo-dei-preti_1870.txt	pollaio	1	it	custom_586	custom	rural building (place)	Garibaldi Giuseppe	Clelia	m	1870	1870_1879	
Garibaldi-Giuseppe_Clelia-ovvero-il-governo-dei-preti_1870.txt	casa rustico	1	it	custom_567	custom	rural building (place)	Garibaldi Giuseppe	Clelia	m	1870	1870_1879	
Gualtieri-Lorenzo_La-Biscia-Dei-Visconti_1858.txt	capanna	2	it	custom_561	custom	rural building (place)	Gualtieri Lorenzo	La biscia dei Visconti	m	1858	1850_1859	
Gualtieri-Lorenzo_La-Biscia-Dei-Visconti_1858.txt	accampamento	1	it	custom_557	custom	rural building (place)	Gualtieri Lorenzo	La biscia dei Visconti	m	1858	1850_1859	
Guerrazzi-Domenico_L-assedio-di-Firenze_1863.txt	casolare	1	it	custom_570	custom	rural building (place)	Guerrazzi Domenico	L’assedio di Firenze	m	1863	1860_1869	
Guerrazzi-Domenico_L-assedio-di-Firenze_1863.txt	stalla	2	it	custom_591	custom	rural building (place)	Guerrazzi Domenico	L’assedio di Firenze	m	1863	1860_1869	
Guerrazzi-Domenico_L-assedio-di-Firenze_1863.txt	capanna	1	it	custom_561	custom	rural building (place)	Guerrazzi Domenico	L’assedio di Firenze	m	1863	1860_1869	
Guerrazzi-Domenico_L-assedio-di-Firenze_1863.txt	podere	3	it	custom_585	custom	rural building (place)	Guerrazzi Domenico	L’assedio di Firenze	m	1863	1860_1869	
Guerrazzi-Domenico_L-assedio-di-Firenze_1863.txt	maniero	7	it	http://www.wikidata.org/entity/Q2116450	wikidata	rural building (place)	Guerrazzi Domenico	L’assedio di Firenze	m	1863	1860_1869	edificio di campagna; la più piccola unità territoriale organizzata del sistema feudale in Europa
Guerrazzi-Domenico_Pasquale-Paoli_1860.txt	capanna	3	it	custom_561	custom	rural building (place)	Guerrazzi Domenico	Pasquale Paoli	m	1860	1860_1869	
Guerrazzi-Domenico_Pasquale-Paoli_1860.txt	podere	3	it	custom_585	custom	rural building (place)	Guerrazzi Domenico	Pasquale Paoli	m	1860	1860_1869	
Guerrazzi-Domenico_Pasquale-Paoli_1860.txt	stalla	4	it	custom_591	custom	rural building (place)	Guerrazzi Domenico	Pasquale Paoli	m	1860	1860_1869	
Guerrazzi-Domenico_Pasquale-Paoli_1860.txt	casale	1	it	http://www.wikidata.org/entity/Q3661417	wikidata	rural building (place)	Guerrazzi Domenico	Pasquale Paoli	m	1860	1860_1869	gruppo di case rustiche
Guerrazzi-Domenico_Pasquale-Paoli_1860.txt	rifugio	2	it	custom_589	custom	rural building (place)	Guerrazzi Domenico	Pasquale Paoli	m	1860	1860_1869	
Guerrazzi-Domenico_Pasquale-Paoli_1860.txt	pollaio	2	it	custom_586	custom	rural building (place)	Guerrazzi Domenico	Pasquale Paoli	m	1860	1860_1869	
Guerrazzi-Domenico_Pasquale-Paoli_1860.txt	casolare	4	it	custom_570	custom	rural building (place)	Guerrazzi Domenico	Pasquale Paoli	m	1860	1860_1869	
Guglielminetti-Amalia_Anime-allo-specchio_1915.txt	rifugio	6	it	custom_589	custom	rural building (place)	Guglielminetti Amalia	Anime allo specchio	f	1915	1910_1920	
Guglielminetti-Amalia_Anime-allo-specchio_1915.txt	capanna	1	it	custom_561	custom	rural building (place)	Guglielminetti Amalia	Anime allo specchio	f	1915	1910_1920	
Guglielminetti-Amalia_La-porta-della-gioia_1920.txt	rifugio	6	it	custom_589	custom	rural building (place)	Guglielminetti Amalia	La porta della gioia	f	1920	1910_1920	
Guglielminetti-Amalia_La-porta-della-gioia_1920.txt	fattoria	4	it	custom_574	custom	rural building (place)	Guglielminetti Amalia	La porta della gioia	f	1920	1910_1920	
Guglielminetti-Amalia_La-porta-della-gioia_1920.txt	casa di campagna	1	it	custom_565	custom	rural building (place)	Guglielminetti Amalia	La porta della gioia	f	1920	1910_1920	
Guglielminetti-Amalia_La-porta-della-gioia_1920.txt	casa rustico	1	it	custom_567	custom	rural building (place)	Guglielminetti Amalia	La porta della gioia	f	1920	1910_1920	
Guglielminetti-Amalia_Le-ore-inutili_1919.txt	rifugio	2	it	custom_589	custom	rural building (place)	Guglielminetti Amalia	Le ore inutili	f	1919	1910_1920	
Imbriani-Vittorio_Dio-ne-scampi-dagli-Orsenigo_1876.txt	stalla	1	it	custom_591	custom	rural building (place)	Imbriani Vittorio	Dio ne scampi dagli Orsenigo	m	1876	1870_1879	
Invernizio-Carolina_I-misteri-delle-soffitte_1901.txt	mulino	1	it	custom_582	custom	rural building (place)	Invernizio Carolina	Il bacio di una morta	f	1901	1900_1909	
Invernizio-Carolina_I-misteri-delle-soffitte_1901.txt	casa di campagna	1	it	custom_565	custom	rural building (place)	Invernizio Carolina	Il bacio di una morta	f	1901	1900_1909	
Invernizio-Carolina_Il-bacio-d-una-morta_1886.txt	stalla	1	it	custom_591	custom	rural building (place)	Invernizio Carolina	I misteri delle soffitte	f	1886	1880_1889	
Invernizio-Carolina_Il-bacio-d-una-morta_1886.txt	podere	1	it	custom_585	custom	rural building (place)	Invernizio Carolina	I misteri delle soffitte	f	1886	1880_1889	
Invernizio-Carolina_Il-bacio-d-una-morta_1886.txt	rifugio	1	it	custom_589	custom	rural building (place)	Invernizio Carolina	I misteri delle soffitte	f	1886	1880_1889	
Invernizio-Carolina_Il-bacio-d-una-morta_1886.txt	capanna	17	it	custom_561	custom	rural building (place)	Invernizio Carolina	I misteri delle soffitte	f	1886	1880_1889	
Invernizio-Carolina_La-trovatella-di-Milano_1889.txt	rifugio	2	it	custom_589	custom	rural building (place)	Invernizio Carolina	La trovatella di Milano	f	1889	1880_1889	
Manzoni-Alessandro_I-promessi-sposi_1840.txt	casale	1	it	http://www.wikidata.org/entity/Q3661417	wikidata	rural building (place)	Manzoni Alessandro	I promessi sposi	m	1840	1840_1849	gruppo di case rustiche
Manzoni-Alessandro_I-promessi-sposi_1840.txt	granaio	2	it	custom_576	custom	rural building (place)	Manzoni Alessandro	I promessi sposi	m	1840	1840_1849	
Manzoni-Alessandro_I-promessi-sposi_1840.txt	casolare	5	it	custom_570	custom	rural building (place)	Manzoni Alessandro	I promessi sposi	m	1840	1840_1849	
Manzoni-Alessandro_I-promessi-sposi_1840.txt	pollaio	1	it	custom_586	custom	rural building (place)	Manzoni Alessandro	I promessi sposi	m	1840	1840_1849	
Manzoni-Alessandro_I-promessi-sposi_1840.txt	rifugio	6	it	custom_589	custom	rural building (place)	Manzoni Alessandro	I promessi sposi	m	1840	1840_1849	
Manzoni-Alessandro_I-promessi-sposi_1840.txt	capanna	25	it	custom_561	custom	rural building (place)	Manzoni Alessandro	I promessi sposi	m	1840	1840_1849	
Manzoni-Alessandro_I-promessi-sposi_1840.txt	podere	2	it	custom_585	custom	rural building (place)	Manzoni Alessandro	I promessi sposi	m	1840	1840_1849	
Manzoni-Alessandro_I-promessi-sposi_1840.txt	cascina	2	it	http://www.wikidata.org/entity/Q1169748	wikidata	rural building (place)	Manzoni Alessandro	I promessi sposi	m	1840	1840_1849	struttura agricola tipica della Pianura Padana
Manzoni-Alessandro_I-promessi-sposi_1840.txt	accampamento	2	it	custom_557	custom	rural building (place)	Manzoni Alessandro	I promessi sposi	m	1840	1840_1849	
Manzoni-Alessandro_I-promessi-sposi_1840.txt	stalla	3	it	custom_591	custom	rural building (place)	Manzoni Alessandro	I promessi sposi	m	1840	1840_1849	
Manzoni-Alessandro_I-promessi-sposi_1840.txt	casa di campagna	1	it	custom_565	custom	rural building (place)	Manzoni Alessandro	I promessi sposi	m	1840	1840_1849	
Marchesa-Colombi_Prima-morire_1881.txt	fattoria	1	it	custom_574	custom	rural building (place)	Marchesa Colombi	Prima morire	f	1881	1880_1889	
Marchesa-Colombi_Prima-morire_1881.txt	mulino	2	it	custom_582	custom	rural building (place)	Marchesa Colombi	Prima morire	f	1881	1880_1889	
Marchesa-Colombi_Prima-morire_1881.txt	stalla	1	it	custom_591	custom	rural building (place)	Marchesa Colombi	Prima morire	f	1881	1880_1889	
Melegari-Dora_Caterina-Spadaro_1908.txt	rifugio	2	it	custom_589	custom	rural building (place)	Melegari Dora	Caterina Spadaro	f	1908	1900_1909	
Melegari-Dora_Caterina-Spadaro_1908.txt	podere	1	it	custom_585	custom	rural building (place)	Melegari Dora	Caterina Spadaro	f	1908	1900_1909	
Melegari-Dora_Caterina-Spadaro_1908.txt	fattoria	2	it	custom_574	custom	rural building (place)	Melegari Dora	Caterina Spadaro	f	1908	1900_1909	
Neera_Lydia_1888.txt	stalla	4	it	custom_591	custom	rural building (place)	Neera	Lydia	f	1888	1880_1889	
Neera_Lydia_1888.txt	maniero	1	it	http://www.wikidata.org/entity/Q2116450	wikidata	rural building (place)	Neera	Lydia	f	1888	1880_1889	edificio di campagna; la più piccola unità territoriale organizzata del sistema feudale in Europa
Neera_Un-nido_1880.txt	rifugio	1	it	custom_589	custom	rural building (place)	Neera	Una passione	f	1880	1880_1889	
Neera_Un-nido_1880.txt	mulino	2	it	custom_582	custom	rural building (place)	Neera	Una passione	f	1880	1880_1889	
Neera_Un-nido_1880.txt	pollaio	4	it	custom_586	custom	rural building (place)	Neera	Una passione	f	1880	1880_1889	
Neera_Una-passione_1903.txt	rifugio	1	it	custom_589	custom	rural building (place)	Neera	Un nido	f	1903	1900_1909	
Neera_Una-passione_1903.txt	casolare	3	it	custom_570	custom	rural building (place)	Neera	Un nido	f	1903	1900_1909	
Neera_Una-passione_1903.txt	stalla	1	it	custom_591	custom	rural building (place)	Neera	Un nido	f	1903	1900_1909	
Neera_Una-passione_1903.txt	fattoria	1	it	custom_574	custom	rural building (place)	Neera	Un nido	f	1903	1900_1909	
Neera_Una-passione_1903.txt	casa rustico	1	it	custom_567	custom	rural building (place)	Neera	Un nido	f	1903	1900_1909	
Negri-Ada_Le-solitarie_1917.txt	capanna	2	it	custom_561	custom	rural building (place)	Negri Ada	Le solitarie	f	1917	1910_1920	
Negri-Ada_Le-solitarie_1917.txt	cascina	2	it	http://www.wikidata.org/entity/Q1169748	wikidata	rural building (place)	Negri Ada	Le solitarie	f	1917	1910_1920	struttura agricola tipica della Pianura Padana
Negri-Ada_Le-solitarie_1917.txt	stalla	3	it	custom_591	custom	rural building (place)	Negri Ada	Le solitarie	f	1917	1910_1920	
Negri-Ada_Le-solitarie_1917.txt	fattoria	1	it	custom_574	custom	rural building (place)	Negri Ada	Le solitarie	f	1917	1910_1920	
Negri-Ada_Le-solitarie_1917.txt	pollaio	1	it	custom_586	custom	rural building (place)	Negri Ada	Le solitarie	f	1917	1910_1920	
Negri-Ada_Le-solitarie_1917.txt	casa di campagna	1	it	custom_565	custom	rural building (place)	Negri Ada	Le solitarie	f	1917	1910_1920	
Nievo-Ippolito_Il-Barone-di-Nicastro_1860.txt	capanna	6	it	custom_561	custom	rural building (place)	Nievo Ippolito	Le confessioni di un italiano	m	1860	1860_1869	
Nievo-Ippolito_Il-Barone-di-Nicastro_1860.txt	casa di campagna	1	it	custom_565	custom	rural building (place)	Nievo Ippolito	Le confessioni di un italiano	m	1860	1860_1869	
Nievo-Ippolito_Le-confessioni-di-un-italiano_1867.txt	granaio	20	it	custom_576	custom	rural building (place)	Nievo Ippolito	Il barone di Nicastro	m	1867	1860_1869	
Nievo-Ippolito_Le-confessioni-di-un-italiano_1867.txt	mulino	4	it	custom_582	custom	rural building (place)	Nievo Ippolito	Il barone di Nicastro	m	1867	1860_1869	
Nievo-Ippolito_Le-confessioni-di-un-italiano_1867.txt	fienile	2	it	custom_575	custom	rural building (place)	Nievo Ippolito	Il barone di Nicastro	m	1867	1860_1869	
Nievo-Ippolito_Le-confessioni-di-un-italiano_1867.txt	stalla	4	it	custom_591	custom	rural building (place)	Nievo Ippolito	Il barone di Nicastro	m	1867	1860_1869	
Nievo-Ippolito_Le-confessioni-di-un-italiano_1867.txt	rifugio	7	it	custom_589	custom	rural building (place)	Nievo Ippolito	Il barone di Nicastro	m	1867	1860_1869	
Nievo-Ippolito_Le-confessioni-di-un-italiano_1867.txt	podere	7	it	custom_585	custom	rural building (place)	Nievo Ippolito	Il barone di Nicastro	m	1867	1860_1869	
Nievo-Ippolito_Le-confessioni-di-un-italiano_1867.txt	casale	4	it	http://www.wikidata.org/entity/Q3661417	wikidata	rural building (place)	Nievo Ippolito	Il barone di Nicastro	m	1867	1860_1869	gruppo di case rustiche
Nievo-Ippolito_Le-confessioni-di-un-italiano_1867.txt	pollaio	2	it	custom_586	custom	rural building (place)	Nievo Ippolito	Il barone di Nicastro	m	1867	1860_1869	
Nievo-Ippolito_Le-confessioni-di-un-italiano_1867.txt	cascina	4	it	http://www.wikidata.org/entity/Q1169748	wikidata	rural building (place)	Nievo Ippolito	Il barone di Nicastro	m	1867	1860_1869	struttura agricola tipica della Pianura Padana
Nievo-Ippolito_Le-confessioni-di-un-italiano_1867.txt	fattoria	3	it	custom_574	custom	rural building (place)	Nievo Ippolito	Il barone di Nicastro	m	1867	1860_1869	
Nievo-Ippolito_Le-confessioni-di-un-italiano_1867.txt	piantagione	1	it	http://www.wikidata.org/entity/Q188913	wikidata	rural building (place)	Nievo Ippolito	Il barone di Nicastro	m	1867	1860_1869	
Nievo-Ippolito_Le-confessioni-di-un-italiano_1867.txt	capanna	1	it	custom_561	custom	rural building (place)	Nievo Ippolito	Il barone di Nicastro	m	1867	1860_1869	
Nievo-Ippolito_Le-confessioni-di-un-italiano_1867.txt	casa colonica	1	it	custom_564	custom	rural building (place)	Nievo Ippolito	Il barone di Nicastro	m	1867	1860_1869	
Oriani-Alfredo_Al-di-la_1877.txt	capanna	1	it	custom_561	custom	rural building (place)	Oriani Alfredo	Al di là	m	1877	1870_1879	
Oriani-Alfredo_Al-di-la_1877.txt	granaio	1	it	custom_576	custom	rural building (place)	Oriani Alfredo	Al di là	m	1877	1870_1879	
Oriani-Alfredo_Al-di-la_1877.txt	mulino	1	it	custom_582	custom	rural building (place)	Oriani Alfredo	Al di là	m	1877	1870_1879	
Oriani-Alfredo_Al-di-la_1877.txt	rifugio	1	it	custom_589	custom	rural building (place)	Oriani Alfredo	Al di là	m	1877	1870_1879	
Oriani-Alfredo_Al-di-la_1877.txt	stalla	1	it	custom_591	custom	rural building (place)	Oriani Alfredo	Al di là	m	1877	1870_1879	
Oriani-Alfredo_No_1881.txt	capanna	2	it	custom_561	custom	rural building (place)	Oriani Alfredo	No	m	1881	1880_1889	
Oriani-Alfredo_No_1881.txt	podere	5	it	custom_585	custom	rural building (place)	Oriani Alfredo	No	m	1881	1880_1889	
Oriani-Alfredo_No_1881.txt	rifugio	2	it	custom_589	custom	rural building (place)	Oriani Alfredo	No	m	1881	1880_1889	
Oriani-Alfredo_No_1881.txt	granaio	1	it	custom_576	custom	rural building (place)	Oriani Alfredo	No	m	1881	1880_1889	
Oriani-Alfredo_No_1881.txt	stalla	3	it	custom_591	custom	rural building (place)	Oriani Alfredo	No	m	1881	1880_1889	
Perodi-Emma_Il-principe-della-Marsiliana_1891.txt	rifugio	1	it	custom_589	custom	rural building (place)	Perodi Emma	Il principe della marsiliana	f	1891	1890_1899	
Petrucelli-della-Gattina-Ferdinando_I-moribondi-del-Palazzo-Carignano_1862.txt	accampamento	1	it	custom_557	custom	rural building (place)	Petruccelli Ferdinando	I moribondi del palazzo Carignano	m	1862	1860_1869	
Petrucelli-della-Gattina-Ferdinando_Il-sorbetto-della-regina_1890.txt	rustico	1	it	custom_590	custom	rural building (place)	Petruccelli Ferdinando	Il sorbetto della regina	m	1890	1890_1899	
Petrucelli-della-Gattina-Ferdinando_Il-sorbetto-della-regina_1890.txt	casa di campagna	6	it	custom_565	custom	rural building (place)	Petruccelli Ferdinando	Il sorbetto della regina	m	1890	1890_1899	
Petrucelli-della-Gattina-Ferdinando_Memorie-di-Giuda_1867.txt	capanna	7	it	custom_561	custom	rural building (place)	Petruccelli Ferdinando	Memorie di Giuda	m	1867	1860_1869	
Petrucelli-della-Gattina-Ferdinando_Memorie-di-Giuda_1867.txt	stalla	3	it	custom_591	custom	rural building (place)	Petruccelli Ferdinando	Memorie di Giuda	m	1867	1860_1869	
Petrucelli-della-Gattina-Ferdinando_Memorie-di-Giuda_1867.txt	rifugio	5	it	custom_589	custom	rural building (place)	Petruccelli Ferdinando	Memorie di Giuda	m	1867	1860_1869	
Petrucelli-della-Gattina-Ferdinando_Memorie-di-Giuda_1867.txt	casale	1	it	http://www.wikidata.org/entity/Q3661417	wikidata	rural building (place)	Petruccelli Ferdinando	Memorie di Giuda	m	1867	1860_1869	gruppo di case rustiche
Petrucelli-della-Gattina-Ferdinando_Memorie-di-Giuda_1867.txt	mulino	1	it	custom_582	custom	rural building (place)	Petruccelli Ferdinando	Memorie di Giuda	m	1867	1860_1869	
Petrucelli-della-Gattina-Ferdinando_Memorie-di-Giuda_1867.txt	piantagione	1	it	http://www.wikidata.org/entity/Q188913	wikidata	rural building (place)	Petruccelli Ferdinando	Memorie di Giuda	m	1867	1860_1869	
Petrucelli-della-Gattina-Ferdinando_Memorie-di-Giuda_1867.txt	accampamento	5	it	custom_557	custom	rural building (place)	Petruccelli Ferdinando	Memorie di Giuda	m	1867	1860_1869	
Petrucelli-della-Gattina-Ferdinando_Memorie-di-Giuda_1867.txt	cascina	3	it	http://www.wikidata.org/entity/Q1169748	wikidata	rural building (place)	Petruccelli Ferdinando	Memorie di Giuda	m	1867	1860_1869	struttura agricola tipica della Pianura Padana
Petrucelli-della-Gattina-Ferdinando_Memorie-di-Giuda_1867.txt	casolare	1	it	custom_570	custom	rural building (place)	Petruccelli Ferdinando	Memorie di Giuda	m	1867	1860_1869	
Petrucelli-della-Gattina-Ferdinando_Memorie-di-Giuda_1867.txt	masseria	1	it	http://www.wikidata.org/entity/Q1416696	wikidata	rural building (place)	Petruccelli Ferdinando	Memorie di Giuda	m	1867	1860_1869	
Petrucelli-della-Gattina-Ferdinando_Memorie-di-Giuda_1867.txt	podere	1	it	custom_585	custom	rural building (place)	Petruccelli Ferdinando	Memorie di Giuda	m	1867	1860_1869	
Pirandello-Luigi_I-vecchi-e-i-Giovani_1913.txt	casale	2	it	http://www.wikidata.org/entity/Q3661417	wikidata	rural building (place)	Pirandello Luigi	Il fu Mattia Pascal	m	1913	1910_1920	gruppo di case rustiche
Pirandello-Luigi_I-vecchi-e-i-Giovani_1913.txt	stalla	2	it	custom_591	custom	rural building (place)	Pirandello Luigi	Il fu Mattia Pascal	m	1913	1910_1920	
Pirandello-Luigi_I-vecchi-e-i-Giovani_1913.txt	podere	1	it	custom_585	custom	rural building (place)	Pirandello Luigi	Il fu Mattia Pascal	m	1913	1910_1920	
Pirandello-Luigi_I-vecchi-e-i-Giovani_1913.txt	baglio	1	it	http://www.wikidata.org/entity/Q3632873	wikidata	rural building (place)	Pirandello Luigi	Il fu Mattia Pascal	m	1913	1910_1920	tipologia di fattoria fortificata diffusa principalmente nel sud d'Italia
Pirandello-Luigi_I-vecchi-e-i-Giovani_1913.txt	rifugio	4	it	custom_589	custom	rural building (place)	Pirandello Luigi	Il fu Mattia Pascal	m	1913	1910_1920	
Pirandello-Luigi_I-vecchi-e-i-Giovani_1913.txt	casolare	1	it	custom_570	custom	rural building (place)	Pirandello Luigi	Il fu Mattia Pascal	m	1913	1910_1920	
Pirandello-Luigi_Il-fu-Mattia_Pascal_1904.txt	podere	9	it	custom_585	custom	rural building (place)	Pirandello Luigi	I vecchi e i giovani	m	1904	1900_1909	
Pirandello-Luigi_Il-fu-Mattia_Pascal_1904.txt	mulino	1	it	custom_582	custom	rural building (place)	Pirandello Luigi	I vecchi e i giovani	m	1904	1900_1909	
Pirandello-Luigi_L-esclusa_1901.txt	rifugio	3	it	custom_589	custom	rural building (place)	Pirandello Luigi	L’esclusa	m	1901	1900_1909	
Praga-Emilio_Memorie-del-Presbiterio_1881.txt	granaio	1	it	custom_576	custom	rural building (place)	Praga Emilio	Memorie del presbiterio	m	1881	1880_1889	
Praga-Emilio_Memorie-del-Presbiterio_1881.txt	stalla	4	it	custom_591	custom	rural building (place)	Praga Emilio	Memorie del presbiterio	m	1881	1880_1889	
Praga-Emilio_Memorie-del-Presbiterio_1881.txt	pollaio	4	it	custom_586	custom	rural building (place)	Praga Emilio	Memorie del presbiterio	m	1881	1880_1889	
Praga-Emilio_Memorie-del-Presbiterio_1881.txt	capanna	2	it	custom_561	custom	rural building (place)	Praga Emilio	Memorie del presbiterio	m	1881	1880_1889	
Praga-Emilio_Memorie-del-Presbiterio_1881.txt	mulino	2	it	custom_582	custom	rural building (place)	Praga Emilio	Memorie del presbiterio	m	1881	1880_1889	
Praga-Emilio_Memorie-del-Presbiterio_1881.txt	casolare	1	it	custom_570	custom	rural building (place)	Praga Emilio	Memorie del presbiterio	m	1881	1880_1889	
Praga-Emilio_Memorie-del-Presbiterio_1881.txt	rifugio	3	it	custom_589	custom	rural building (place)	Praga Emilio	Memorie del presbiterio	m	1881	1880_1889	
Praga-Emilio_Memorie-del-Presbiterio_1881.txt	cascina	2	it	http://www.wikidata.org/entity/Q1169748	wikidata	rural building (place)	Praga Emilio	Memorie del presbiterio	m	1881	1880_1889	struttura agricola tipica della Pianura Padana
Righetti-Carlo_La-Scapigliatura_1862.txt	capanna	1	it	custom_561	custom	rural building (place)	Righetti Carlo	La scapigliatura	m	1862	1860_1869	
Righetti-Carlo_La-Scapigliatura_1862.txt	casa di campagna	1	it	custom_565	custom	rural building (place)	Righetti Carlo	La scapigliatura	m	1862	1860_1869	
Rovani-Giuseppe_Cent-Anni_1859.txt	mulino	4	it	custom_582	custom	rural building (place)	Rovani Giuseppe	Cent’anni	m	1859	1850_1859	
Rovani-Giuseppe_Cent-Anni_1859.txt	stalla	8	it	custom_591	custom	rural building (place)	Rovani Giuseppe	Cent’anni	m	1859	1850_1859	
Rovani-Giuseppe_Cent-Anni_1859.txt	rifugio	2	it	custom_589	custom	rural building (place)	Rovani Giuseppe	Cent’anni	m	1859	1850_1859	
Rovani-Giuseppe_Cent-Anni_1859.txt	fienile	1	it	custom_575	custom	rural building (place)	Rovani Giuseppe	Cent’anni	m	1859	1850_1859	
Rovani-Giuseppe_Cent-Anni_1859.txt	piantagione	1	it	http://www.wikidata.org/entity/Q188913	wikidata	rural building (place)	Rovani Giuseppe	Cent’anni	m	1859	1850_1859	
Rovetta-Gerolamo_Casta-diva_1903.txt	casolare	1	it	custom_570	custom	rural building (place)	Rovetta Gerolamo	Casta Diva	m	1903	1900_1909	
Rovetta-Gerolamo_Casta-diva_1903.txt	chalet	1	it	custom_571	custom	rural building (place)	Rovetta Gerolamo	Casta Diva	m	1903	1900_1909	
Rovetta-Gerolamo_Mater-dolorosa_1882.txt	maniero	1	it	http://www.wikidata.org/entity/Q2116450	wikidata	rural building (place)	Rovetta Gerolamo	Mater dolorosa	m	1882	1880_1889	edificio di campagna; la più piccola unità territoriale organizzata del sistema feudale in Europa
Rovetta-Gerolamo_Mater-dolorosa_1882.txt	fattoria	1	it	custom_574	custom	rural building (place)	Rovetta Gerolamo	Mater dolorosa	m	1882	1880_1889	
Rovetta-Gerolamo_Mater-dolorosa_1882.txt	rifugio	1	it	custom_589	custom	rural building (place)	Rovetta Gerolamo	Mater dolorosa	m	1882	1880_1889	
Rovetta-Gerolamo_Mater-dolorosa_1882.txt	casa di campagna	1	it	custom_565	custom	rural building (place)	Rovetta Gerolamo	Mater dolorosa	m	1882	1880_1889	
Ruffini-Giovanni_Lorenzo-Benoni_1853.txt	rifugio	6	it	custom_589	custom	rural building (place)	Ruffini Giovanni	Lorenzo Benoni	m	1853	1850_1859	
Ruffini-Giovanni_Lorenzo-Benoni_1853.txt	stalla	1	it	custom_591	custom	rural building (place)	Ruffini Giovanni	Lorenzo Benoni	m	1853	1850_1859	
Ruffini-Giovanni_Lorenzo-Benoni_1853.txt	capanna	2	it	custom_561	custom	rural building (place)	Ruffini Giovanni	Lorenzo Benoni	m	1853	1850_1859	
Ruffini-Giovanni_Lorenzo-Benoni_1853.txt	mulino	1	it	custom_582	custom	rural building (place)	Ruffini Giovanni	Lorenzo Benoni	m	1853	1850_1859	
Ruffini-Giovanni_Lorenzo-Benoni_1853.txt	casolare	1	it	custom_570	custom	rural building (place)	Ruffini Giovanni	Lorenzo Benoni	m	1853	1850_1859	
Ruffini-Giovanni_Lorenzo-Benoni_1853.txt	casa di campagna	1	it	custom_565	custom	rural building (place)	Ruffini Giovanni	Lorenzo Benoni	m	1853	1850_1859	
Salgari-Emilio_Alla-conquista-di-un-impero_1907.txt	rifugio	16	it	custom_589	custom	rural building (place)	Salgari Emilio	Alla conquista di un impero	m	1907	1900_1909	
Salgari-Emilio_Alla-conquista-di-un-impero_1907.txt	capanna	7	it	custom_561	custom	rural building (place)	Salgari Emilio	Alla conquista di un impero	m	1907	1900_1909	
Salgari-Emilio_Alla-conquista-di-un-impero_1907.txt	piantagione	11	it	http://www.wikidata.org/entity/Q188913	wikidata	rural building (place)	Salgari Emilio	Alla conquista di un impero	m	1907	1900_1909	
Salgari-Emilio_Alla-conquista-di-un-impero_1907.txt	accampamento	16	it	custom_557	custom	rural building (place)	Salgari Emilio	Alla conquista di un impero	m	1907	1900_1909	
Salgari-Emilio_Alla-conquista-di-un-impero_1907.txt	stalla	1	it	custom_591	custom	rural building (place)	Salgari Emilio	Alla conquista di un impero	m	1907	1900_1909	
Salgari-Emilio_I-misteri-della-giungla-nera_1887.txt	rifugio	2	it	custom_589	custom	rural building (place)	Salgari Emilio	I misteri della giungla nera	m	1887	1880_1889	
Salgari-Emilio_I-misteri-della-giungla-nera_1887.txt	piantagione	12	it	http://www.wikidata.org/entity/Q188913	wikidata	rural building (place)	Salgari Emilio	I misteri della giungla nera	m	1887	1880_1889	
Salgari-Emilio_I-misteri-della-giungla-nera_1887.txt	capanna	56	it	custom_561	custom	rural building (place)	Salgari Emilio	I misteri della giungla nera	m	1887	1880_1889	
Salgari-Emilio_I-misteri-della-giungla-nera_1887.txt	fattoria	1	it	custom_574	custom	rural building (place)	Salgari Emilio	I misteri della giungla nera	m	1887	1880_1889	
Salgari-Emilio_I-pirati-della-Malesia_1896.txt	capanna	29	it	custom_561	custom	rural building (place)	Salgari Emilio	I pirati della Malesia	m	1896	1890_1899	
Salgari-Emilio_I-pirati-della-Malesia_1896.txt	accampamento	3	it	custom_557	custom	rural building (place)	Salgari Emilio	I pirati della Malesia	m	1896	1890_1899	
Salgari-Emilio_I-pirati-della-Malesia_1896.txt	piantagione	2	it	http://www.wikidata.org/entity/Q188913	wikidata	rural building (place)	Salgari Emilio	I pirati della Malesia	m	1896	1890_1899	
Salgari-Emilio_I-pirati-della-Malesia_1896.txt	pollaio	1	it	custom_586	custom	rural building (place)	Salgari Emilio	I pirati della Malesia	m	1896	1890_1899	
Serao-Matidle_Cuore-infermo_1881.txt	casolare	1	it	custom_570	custom	rural building (place)	Serao Matilde	Cuore inferno	f	1881	1880_1889	
Serao-Matidle_Cuore-infermo_1881.txt	fattoria	1	it	custom_574	custom	rural building (place)	Serao Matilde	Cuore inferno	f	1881	1880_1889	
Serao-Matidle_Cuore-infermo_1881.txt	rifugio	2	it	custom_589	custom	rural building (place)	Serao Matilde	Cuore inferno	f	1881	1880_1889	
Serao-Matidle_Cuore-infermo_1881.txt	piantagione	1	it	http://www.wikidata.org/entity/Q188913	wikidata	rural building (place)	Serao Matilde	Cuore inferno	f	1881	1880_1889	
Serao-Matidle_Cuore-infermo_1881.txt	casa colonica	1	it	custom_564	custom	rural building (place)	Serao Matilde	Cuore inferno	f	1881	1880_1889	
Serao-Matilde_Dal-vero_1879.txt	rifugio	1	it	custom_589	custom	rural building (place)	Serao Matilde	Dal vero	f	1879	1870_1879	
Serao-Matilde_Dal-vero_1879.txt	capanna	1	it	custom_561	custom	rural building (place)	Serao Matilde	Dal vero	f	1879	1870_1879	
Serao-Matilde_Dal-vero_1879.txt	granaio	3	it	custom_576	custom	rural building (place)	Serao Matilde	Dal vero	f	1879	1870_1879	
Serao-Matilde_La-mano-tagliata_1912.txt	rifugio	4	it	custom_589	custom	rural building (place)	Serao Matilde	La mano tagliata	f	1912	1910_1920	
Silvola-Rodolfo-Giuspeppe_Alboino-in-Italia_1840.txt	casolare	3	it	custom_570	custom	rural building (place)	Silvola Rodolfo Giuseppe	Alboino in Italia	m	1840	1840_1849	
Silvola-Rodolfo-Giuspeppe_Alboino-in-Italia_1840.txt	capanna	2	it	custom_561	custom	rural building (place)	Silvola Rodolfo Giuseppe	Alboino in Italia	m	1840	1840_1849	
Slataper-Scipio_Il-mio-Carso_1912.txt	stalla	1	it	custom_591	custom	rural building (place)	Slataper Scipio	Il mio Carso	m	1912	1910_1920	
Slataper-Scipio_Il-mio-Carso_1912.txt	piantagione	1	it	http://www.wikidata.org/entity/Q188913	wikidata	rural building (place)	Slataper Scipio	Il mio Carso	m	1912	1910_1920	
Svevo-Italo_La-coscienza-di-Zeno_1923.txt	podere	2	it	custom_585	custom	rural building (place)	Svevo Italo	La coscienza di Zeno	m	1923	1910_1920	
Svevo-Italo_La-coscienza-di-Zeno_1923.txt	rifugio	1	it	custom_589	custom	rural building (place)	Svevo Italo	La coscienza di Zeno	m	1923	1910_1920	
Svevo-Italo_Senilita_1898.txt	rifugio	1	it	custom_589	custom	rural building (place)	Svevo Italo	Senilità	m	1898	1890_1899	
Svevo-Italo_Una-vita_1892.txt	fienile	1	it	custom_575	custom	rural building (place)	Svevo Italo	Una vita	m	1892	1890_1899	
Svevo-Italo_Una-vita_1892.txt	granaio	1	it	custom_576	custom	rural building (place)	Svevo Italo	Una vita	m	1892	1890_1899	
Tarchetti-Iginio-Ugo_Fosca_1869.txt	capanna	2	it	custom_561	custom	rural building (place)	Tarchetti Iginio Ugo	Fosca	m	1869	1860_1869	
Tarchetti-Iginio-Ugo_Fosca_1869.txt	fattoria	4	it	custom_574	custom	rural building (place)	Tarchetti Iginio Ugo	Fosca	m	1869	1860_1869	
Tarchetti-Iginio-Ugo_Fosca_1869.txt	stalla	1	it	custom_591	custom	rural building (place)	Tarchetti Iginio Ugo	Fosca	m	1869	1860_1869	
Tartufari-Clarice_Il-miracolo_1909.txt	casolare	2	it	custom_570	custom	rural building (place)	Tartufari. Clarice	Il miracolo	f	1909	1900_1909	
Tommaseo-Niccolo_Fede-e-bellezza_1840.txt	piantagione	1	it	http://www.wikidata.org/entity/Q188913	wikidata	rural building (place)	Tommaseo Niccolò	Fede e bellezza	m	1840	1840_1849	
Torricelli-Giovanni-Battista_Oddantonio-Feltre_1860.txt	stalla	8	it	custom_591	custom	rural building (place)	Torricelli Giovan Battista	Oddantonio Feltre	m	1860	1860_1869	
Torricelli-Giovanni-Battista_Oddantonio-Feltre_1860.txt	casolare	10	it	custom_570	custom	rural building (place)	Torricelli Giovan Battista	Oddantonio Feltre	m	1860	1860_1869	
Torricelli-Giovanni-Battista_Oddantonio-Feltre_1860.txt	capanna	3	it	custom_561	custom	rural building (place)	Torricelli Giovan Battista	Oddantonio Feltre	m	1860	1860_1869	
Torricelli-Giovanni-Battista_Oddantonio-Feltre_1860.txt	podere	1	it	custom_585	custom	rural building (place)	Torricelli Giovan Battista	Oddantonio Feltre	m	1860	1860_1869	
Torricelli-Giovanni-Battista_Oddantonio-Feltre_1860.txt	piantagione	1	it	http://www.wikidata.org/entity/Q188913	wikidata	rural building (place)	Torricelli Giovan Battista	Oddantonio Feltre	m	1860	1860_1869	
Tozzi-Federigo_Con-gli-occhi-chiusi_1919.txt	podere	17	it	custom_585	custom	rural building (place)	Tozzi Federigo	Con gli occhi chiusi	m	1919	1910_1920	
Tozzi-Federigo_Con-gli-occhi-chiusi_1919.txt	stalla	10	it	custom_591	custom	rural building (place)	Tozzi Federigo	Con gli occhi chiusi	m	1919	1910_1920	
Tozzi-Federigo_Con-gli-occhi-chiusi_1919.txt	capanna	6	it	custom_561	custom	rural building (place)	Tozzi Federigo	Con gli occhi chiusi	m	1919	1910_1920	
Tozzi-Federigo_Con-gli-occhi-chiusi_1919.txt	pollaio	1	it	custom_586	custom	rural building (place)	Tozzi Federigo	Con gli occhi chiusi	m	1919	1910_1920	
Tozzi-Federigo_Con-gli-occhi-chiusi_1919.txt	mulino	1	it	custom_582	custom	rural building (place)	Tozzi Federigo	Con gli occhi chiusi	m	1919	1910_1920	
Tozzi-Federigo_Tre-croci_1920.txt	fattoria	1	it	custom_574	custom	rural building (place)	Tozzi Federigo	Tre croci	m	1920	1910_1920	
Tozzi-Federigo_Tre-croci_1920.txt	podere	1	it	custom_585	custom	rural building (place)	Tozzi Federigo	Tre croci	m	1920	1910_1920	
Tozzi-Federigo_Tre-croci_1920.txt	stalla	1	it	custom_591	custom	rural building (place)	Tozzi Federigo	Tre croci	m	1920	1910_1920	
Vamba_Giam-Burrasca_1912.txt	podere	2	it	custom_585	custom	rural building (place)	Vamba	Giamburrasca	m	1912	1910_1920	
Vamba_Giam-Burrasca_1912.txt	fattoria	4	it	custom_574	custom	rural building (place)	Vamba	Giamburrasca	m	1912	1910_1920	
Vamba_Giam-Burrasca_1912.txt	stalla	3	it	custom_591	custom	rural building (place)	Vamba	Giamburrasca	m	1912	1910_1920	
Vamba_Giam-Burrasca_1912.txt	mulino	1	it	custom_582	custom	rural building (place)	Vamba	Giamburrasca	m	1912	1910_1920	
Verga-Giovanni_Il-marito-di-Elena_1882.txt	podere	7	it	custom_585	custom	rural building (place)	Verga Giovanni	Il marito di Elena	m	1882	1880_1889	
Verga-Giovanni_Il-marito-di-Elena_1882.txt	rifugio	1	it	custom_589	custom	rural building (place)	Verga Giovanni	Il marito di Elena	m	1882	1880_1889	
Verga-Giovanni_Il-marito-di-Elena_1882.txt	casolare	1	it	custom_570	custom	rural building (place)	Verga Giovanni	Il marito di Elena	m	1882	1880_1889	
Verga-Giovanni_Tigre-reale_1875.txt	podere	1	it	custom_585	custom	rural building (place)	Verga Giovanni	Tigre Reale	m	1875	1870_1879	
Vertua-Gentile-Anna_Il-romanzo-di-una-signorina-per-bene_1897.txt	fattoria	2	it	custom_574	custom	rural building (place)	Vertua Gentile Anna	Il romanzo di una signora perbene	f	1897	1890_1899	
Zuccoli-Luciano_La-freccia-nel-fianco_1913.txt	casolare	1	it	custom_570	custom	rural building (place)	Zuccoli Luciano	La freccia nel fianco	m	1913	1910_1920	
Zuccoli-Luciano_La-freccia-nel-fianco_1913.txt	stalla	3	it	custom_591	custom	rural building (place)	Zuccoli Luciano	La freccia nel fianco	m	1913	1910_1920	
Zuccoli-Luciano_Roberta_1897.txt	rifugio	1	it	custom_589	custom	rural building (place)	Zuccoli Luciano	Roberta	m	1897	1890_1899	
Zuccoli-Luciano_Roberta_1897.txt	rustico	1	it	custom_590	custom	rural building (place)	Zuccoli Luciano	Roberta	m	1897	1890_1899	
